record_id,text,term,start,end,label,status
0,"As assigned, Organized file cabinets, categorized binders, and conducted Student Enrollment.",Student Enrollment,73,91,CLERICAL_TERM,AUTO_MATCH
1,"Early in the day, Joined the weekly team retrospective to share progress updates and blockers.",[NO_ENTITY],-1,-1,NONE,AUTO_NEGATIVE
2,Cross-checked incoming department requests as part of Inventory Organization.,Inventory Organization,54,76,CLERICAL_TERM,AUTO_MATCH
3,"Early in the day, Arrived at the office on time and logged in to the biometric attendance machine.",[NO_ENTITY],-1,-1,NONE,AUTO_NEGATIVE
4,"Today, Monitored server resource utilization and optimized Kubernetes queries.",Kubernetes,59,69,IT_TERM,AUTO_MATCH
5,"This week, Researched modern architectural best practices involving Email Verification.",Email Verification,68,86,IT_TERM,AUTO_MATCH
6,"As assigned, Prepared the required paperwork and verified attachments for Records Office.",Records Office,74,88,CLERICAL_TERM,AUTO_MATCH
7,"For my primary task, Attended a technical workshop on best practices for Spring Boot.",Spring Boot,73,84,IT_TERM,AUTO_MATCH
8,Waited for feedback from the team lead before proceeding with the next assignment.,[NO_ENTITY],-1,-1,NONE,AUTO_NEGATIVE
9,Compiled weekly department statistics and created charts for Medical Records.,Medical Records,61,76,CLERICAL_TERM,AUTO_MATCH
10,"Today, Researched modern architectural best practices involving System Stability.",System Stability,64,80,IT_TERM,AUTO_MATCH
11,Refactored legacy code modules and migrated the system to Version Control.,Version Control,58,73,IT_TERM,AUTO_MATCH
12,"For my primary task, Attended a technical workshop on best practices for Responsive Design.",Responsive Design,73,90,IT_TERM,AUTO_MATCH
13,"In the afternoon, Cross-checked incoming department requests as part of Medicine Refill.",Medicine Refill,72,87,CLERICAL_TERM,AUTO_MATCH
14,"For my primary task, Researched modern architectural best practices involving SQLite.",SQLite,78,84,IT_TERM,AUTO_MATCH
15,"This week, Configured the development environment and set up eGOV.PH.",eGOV.PH,61,68,IT_TERM,AUTO_MATCH
16,"In the afternoon, Completed the assigned weekly tasks regarding Team Task Division on schedule.",Team Task Division,64,82,CLERICAL_TERM,AUTO_MATCH
17,"Today, Monitored server resource utilization and optimized User Management queries.",User Management,59,74,IT_TERM,AUTO_MATCH
18,"As assigned, Managed physical inventory counts and logged discrepancies during Shares Accounts.",Shares Accounts,79,94,CLERICAL_TERM,AUTO_MATCH
19,"Early in the day, Arrived at the office on time and logged in to the biometric attendance machine.",[NO_ENTITY],-1,-1,NONE,AUTO_NEGATIVE
20,"Today, Printed, stamped, and organized physical documents for Information Checking.",Information Checking,62,82,CLERICAL_TERM,AUTO_MATCH
21,"For my primary task, Collaborated with the infrastructure team to configure Code Refactoring.",Code Refactoring,76,92,IT_TERM,AUTO_MATCH
22,"On Thursday, Cleaned the intern workstation and organized desk accessories before logging out.",[NO_ENTITY],-1,-1,NONE,AUTO_NEGATIVE
23,"For my primary task, Automated our daily build and deployment pipeline using Bug Fixing.",Bug Fixing,77,87,IT_TERM,AUTO_MATCH
24,Distributed printed handouts and supported the team during Client Records.,Client Records,59,73,CLERICAL_TERM,AUTO_MATCH
25,"As assigned, Cross-checked incoming department requests as part of Client Assistance.",Client Assistance,67,84,CLERICAL_TERM,AUTO_MATCH
26,Designed the database schema and executed migrations using Google Cloud Platform.,Google Cloud Platform,59,80,IT_TERM,AUTO_MATCH
27,"Today, Distributed printed handouts and supported the team during Medicine Labeling.",Medicine Labeling,66,83,CLERICAL_TERM,AUTO_MATCH
28,Drafted official correspondence and summarized notes for Document Handling.,Document Handling,57,74,CLERICAL_TERM,AUTO_MATCH
29,"This week, Assisted our senior engineer in deploying our application using Session Management.",Session Management,75,93,IT_TERM,AUTO_MATCH
30,"Afterwards, Attended the farewell gathering for the departing senior supervisor.",[NO_ENTITY],-1,-1,NONE,AUTO_NEGATIVE
31,"Printed, stamped, and organized physical documents for Transfer Slips.",Transfer Slips,55,69,CLERICAL_TERM,AUTO_MATCH
32,Assisted our senior engineer in deploying our application using Database Normalization.,Database Normalization,64,86,IT_TERM,AUTO_MATCH
33,"In the morning, Implemented background asynchronous task workers using Agile.",Agile,71,76,IT_TERM,AUTO_MATCH
34,"Today, Completed the assigned weekly tasks regarding Medicine Stocks on schedule.",Medicine Stocks,53,68,CLERICAL_TERM,AUTO_MATCH
35,"For my primary task, Wrote clean, maintainable microservice code in Schema Backup under supervision.",Schema Backup,68,81,IT_TERM,AUTO_MATCH
36,"In the afternoon, Encoded information accurately into the office registry during Document Labeling.",Document Labeling,81,98,CLERICAL_TERM,AUTO_MATCH
37,Installed necessary security patches and updated the Jenkins dependency.,Jenkins,53,60,IT_TERM,AUTO_MATCH
38,"Today, Implemented background asynchronous task workers using Digital File Organization.",Digital File Organization,62,87,IT_TERM,AUTO_MATCH
39,"In the morning, Conducted automated unit testing and performance benchmarks on Object-Oriented Programming.",Object-Oriented Programming,79,106,IT_TERM,AUTO_MATCH
40,Refactored legacy code modules and migrated the system to Ubuntu.,Ubuntu,58,64,IT_TERM,AUTO_MATCH
41,"For my primary task, Implemented secure authentication and access controls in GitHub Workflow.",GitHub Workflow,78,93,IT_TERM,AUTO_MATCH
42,"During my shift, Prepared the required paperwork and verified attachments for Contact Details.",Contact Details,78,93,CLERICAL_TERM,AUTO_MATCH
43,"Afterwards, Discussed project deadlines and milestone expectations during the afternoon huddle.",[NO_ENTITY],-1,-1,NONE,AUTO_NEGATIVE
44,"In the afternoon, Facilitated document routing and tracked outgoing mail for Beneficiary Records.",Beneficiary Records,77,96,CLERICAL_TERM,AUTO_MATCH
45,"Today, Reviewed transaction logs and audited files as part of Certificate Release.",Certificate Release,62,81,CLERICAL_TERM,AUTO_MATCH
46,"For my primary task, Researched modern architectural best practices involving DevOps.",DevOps,78,84,IT_TERM,AUTO_MATCH
47,"Today, Conducted automated unit testing and performance benchmarks on API Endpoints.",API Endpoints,70,83,IT_TERM,AUTO_MATCH
48,"For my primary task, Worked on backend API services and integrated Python for persistent storage.",Python,67,73,IT_TERM,AUTO_MATCH
49,"Today, Managed physical inventory counts and logged discrepancies during Document Organization.",Document Organization,73,94,CLERICAL_TERM,AUTO_MATCH
50,"In the morning, Collaborated with the infrastructure team to configure RBAC.",RBAC,71,75,IT_TERM,AUTO_MATCH
51,Verified signatures and filed department clearance forms during Inventory Analysis.,Inventory Analysis,64,82,CLERICAL_TERM,AUTO_MATCH
52,"For my primary task, Resolved an unexpected crash in production by debugging our Hardware Installation service.",Hardware Installation,81,102,IT_TERM,AUTO_MATCH
53,Helped a colleague locate the designated conference room on the third floor.,[NO_ENTITY],-1,-1,NONE,AUTO_NEGATIVE
54,"During my shift, Maintained office order and coordinated department logistics through Document Management.",Document Management,86,105,CLERICAL_TERM,AUTO_MATCH
55,Configured the development environment and set up System Planning.,System Planning,50,65,IT_TERM,AUTO_MATCH
56,"On Thursday, Attended the morning standup meeting with the supervisor to discuss daily goals.",[NO_ENTITY],-1,-1,NONE,AUTO_NEGATIVE
57,"This week, Monitored server resource utilization and optimized Hardware Maintenance queries.",Hardware Maintenance,63,83,IT_TERM,AUTO_MATCH
58,Verified signatures and filed department clearance forms during Filing System.,Filing System,64,77,CLERICAL_TERM,AUTO_MATCH
59,"First, Waited for feedback from the team lead before proceeding with the next assignment.",[NO_ENTITY],-1,-1,NONE,AUTO_NEGATIVE
60,"Today, I developed a web application feature using Form Validation.",Form Validation,51,66,IT_TERM,AUTO_MATCH
61,Helped a colleague locate the designated conference room on the third floor.,[NO_ENTITY],-1,-1,NONE,AUTO_NEGATIVE
62,"In the afternoon, Maintained office order and coordinated department logistics through Folder Organization.",Folder Organization,87,106,CLERICAL_TERM,AUTO_MATCH
63,Took a short lunch break with fellow student interns at the company cafeteria.,[NO_ENTITY],-1,-1,NONE,AUTO_NEGATIVE
64,"This week, Conducted automated unit testing and performance benchmarks on MongoDB.",MongoDB,74,81,IT_TERM,AUTO_MATCH
65,"In the morning, Resolved an unexpected crash in production by debugging our Code Debugging service.",Code Debugging,76,90,IT_TERM,AUTO_MATCH
66,Distributed printed handouts and supported the team during Police Clearance.,Police Clearance,59,75,CLERICAL_TERM,AUTO_MATCH
67,"During my shift, Handled confidential student records during Community Coordination.",Community Coordination,61,83,CLERICAL_TERM,AUTO_MATCH
68,Implemented secure authentication and access controls in User Management.,User Management,57,72,IT_TERM,AUTO_MATCH
69,"First, Listened to a presentation given by the department head on strategic objectives.",[NO_ENTITY],-1,-1,NONE,AUTO_NEGATIVE
70,"Today, Managed physical inventory counts and logged discrepancies during Customer Service.",Customer Service,73,89,CLERICAL_TERM,AUTO_MATCH
71,"Early in the day, Listened to a presentation given by the department head on strategic objectives.",[NO_ENTITY],-1,-1,NONE,AUTO_NEGATIVE
72,"Today, Drafted official correspondence and summarized notes for Promotional Materials.",Promotional Materials,64,85,CLERICAL_TERM,AUTO_MATCH
73,Submitted the bi-weekly intern time log sheet to the human resource assistant.,[NO_ENTITY],-1,-1,NONE,AUTO_NEGATIVE
74,Implemented secure authentication and access controls in Interactive Map.,Interactive Map,57,72,IT_TERM,AUTO_MATCH
75,"Today, Submitted the finalized documentation package required for Document Distribution.",Document Distribution,66,87,CLERICAL_TERM,AUTO_MATCH
76,"In the morning, Collaborated with the infrastructure team to configure Data Management.",Data Management,71,86,IT_TERM,AUTO_MATCH
77,"Afterwards, Participated in an open discussion regarding team workflow enhancements.",[NO_ENTITY],-1,-1,NONE,AUTO_NEGATIVE
78,"On Thursday, Joined the weekly team retrospective to share progress updates and blockers.",[NO_ENTITY],-1,-1,NONE,AUTO_NEGATIVE
79,Reviewed general company guidelines regarding data privacy and acceptable use.,[NO_ENTITY],-1,-1,NONE,AUTO_NEGATIVE
80,"Today, Verified signatures and filed department clearance forms during BNS Activities.",BNS Activities,71,85,CLERICAL_TERM,AUTO_MATCH
81,"In the afternoon, Verified signatures and filed department clearance forms during Field Activity.",Field Activity,82,96,CLERICAL_TERM,AUTO_MATCH
82,"Afterwards, Attended the farewell gathering for the departing senior supervisor.",[NO_ENTITY],-1,-1,NONE,AUTO_NEGATIVE
83,Designed the database schema and executed migrations using Server Configuration.,Server Configuration,59,79,IT_TERM,AUTO_MATCH
84,"During my shift, Completed the assigned weekly tasks regarding Training Activities on schedule.",Training Activities,63,82,CLERICAL_TERM,AUTO_MATCH
85,"This week, Wrote clean, maintainable microservice code in Node.js under supervision.",Node.js,58,65,IT_TERM,AUTO_MATCH
86,Cross-checked incoming department requests as part of Client Satisfaction Survey.,Client Satisfaction Survey,54,80,CLERICAL_TERM,AUTO_MATCH
87,"For my primary task, Created comprehensive documentation and guidelines for REST API usage.",REST API,76,84,IT_TERM,AUTO_MATCH
88,"In the afternoon, Cross-checked incoming department requests as part of Stock Transfer.",Stock Transfer,72,86,CLERICAL_TERM,AUTO_MATCH
89,Encoded information accurately into the office registry during Document Verification.,Document Verification,63,84,CLERICAL_TERM,AUTO_MATCH
90,"In the morning, Researched modern architectural best practices involving Machine Learning.",Machine Learning,73,89,IT_TERM,AUTO_MATCH
91,"As assigned, Assisted staff members and visitors with inquiries regarding Public Notices.",Public Notices,74,88,CLERICAL_TERM,AUTO_MATCH
92,"Today, Attended a technical workshop on best practices for Mailer.",Mailer,59,65,IT_TERM,AUTO_MATCH
93,"Today, Facilitated document routing and tracked outgoing mail for Event Coordination.",Event Coordination,66,84,CLERICAL_TERM,AUTO_MATCH
94,"As assigned, Drafted official correspondence and summarized notes for ID Distribution.",ID Distribution,70,85,CLERICAL_TERM,AUTO_MATCH
95,"On Thursday, Discussed project deadlines and milestone expectations during the afternoon huddle.",[NO_ENTITY],-1,-1,NONE,AUTO_NEGATIVE
96,"As assigned, Completed the assigned weekly tasks regarding Document Checking on schedule.",Document Checking,59,76,CLERICAL_TERM,AUTO_MATCH
97,"First, Took a short lunch break with fellow student interns at the company cafeteria.",[NO_ENTITY],-1,-1,NONE,AUTO_NEGATIVE
98,"During my shift, Reviewed transaction logs and audited files as part of Document Arrangement.",Document Arrangement,72,92,CLERICAL_TERM,AUTO_MATCH
99,Resolved an unexpected crash in production by debugging our Hardware Repair service.,Hardware Repair,60,75,IT_TERM,AUTO_MATCH
100,"Today, Assisted staff members and visitors with inquiries regarding File Filing.",File Filing,68,79,CLERICAL_TERM,AUTO_MATCH
101,"During my shift, Managed physical inventory counts and logged discrepancies during Inventory Counting.",Inventory Counting,83,101,CLERICAL_TERM,AUTO_MATCH
102,"Today, Organized file cabinets, categorized binders, and conducted Ticket Serial Numbers.",Ticket Serial Numbers,67,88,CLERICAL_TERM,AUTO_MATCH
103,Compiled weekly department statistics and created charts for Data Organization.,Data Organization,61,78,CLERICAL_TERM,AUTO_MATCH
104,"In the morning, Conducted automated unit testing and performance benchmarks on Rate Limiting.",Rate Limiting,79,92,IT_TERM,AUTO_MATCH
105,"Early in the day, Helped a colleague locate the designated conference room on the third floor.",[NO_ENTITY],-1,-1,NONE,AUTO_NEGATIVE
106,"As assigned, Managed physical inventory counts and logged discrepancies during Resource Management.",Resource Management,79,98,CLERICAL_TERM,AUTO_MATCH
107,Automated our daily build and deployment pipeline using System Debugging.,System Debugging,56,72,IT_TERM,AUTO_MATCH
108,"Today, Refactored legacy code modules and migrated the system to Computer Hardware Maintenance.",Computer Hardware Maintenance,65,94,IT_TERM,AUTO_MATCH
109,"Today, Researched modern architectural best practices involving Database Seeder.",Database Seeder,64,79,IT_TERM,AUTO_MATCH
110,"As assigned, Assisted staff members and visitors with inquiries regarding Certificate Distribution.",Certificate Distribution,74,98,CLERICAL_TERM,AUTO_MATCH
111,"Wrote clean, maintainable microservice code in Facebook Posting under supervision.",Facebook Posting,47,63,IT_TERM,AUTO_MATCH
112,Submitted the finalized documentation package required for Community Coordination.,Community Coordination,59,81,CLERICAL_TERM,AUTO_MATCH
113,Collaborated with the infrastructure team to configure Tarpaulin Design.,Tarpaulin Design,55,71,IT_TERM,AUTO_MATCH
114,"For my primary task, Refactored legacy code modules and migrated the system to Data Management.",Data Management,79,94,IT_TERM,AUTO_MATCH
115,"During my shift, Verified signatures and filed department clearance forms during Client Records.",Client Records,81,95,CLERICAL_TERM,AUTO_MATCH
116,"During my shift, Cross-checked incoming department requests as part of Information Checking.",Information Checking,71,91,CLERICAL_TERM,AUTO_MATCH
117,"Afterwards, Helped a colleague locate the designated conference room on the third floor.",[NO_ENTITY],-1,-1,NONE,AUTO_NEGATIVE
118,"This week, Collaborated with the infrastructure team to configure C#.",C#,66,68,IT_TERM,AUTO_MATCH
119,"Early in the day, Greeted visitors at the entrance and escorted them to the conference room.",[NO_ENTITY],-1,-1,NONE,AUTO_NEGATIVE
120,"Early in the day, Participated in an open discussion regarding team workflow enhancements.",[NO_ENTITY],-1,-1,NONE,AUTO_NEGATIVE
121,Verified signatures and filed department clearance forms during Member ID.,Member ID,64,73,CLERICAL_TERM,AUTO_MATCH
122,"In the afternoon, Cross-checked incoming department requests as part of Records Office.",Records Office,72,86,CLERICAL_TERM,AUTO_MATCH
123,"Today, Assisted staff members and visitors with inquiries regarding Record Organization.",Record Organization,68,87,CLERICAL_TERM,AUTO_MATCH
124,Designed the database schema and executed migrations using Hosting Environment.,Hosting Environment,59,78,IT_TERM,AUTO_MATCH
125,"For my primary task, Monitored server resource utilization and optimized Figma Prototype queries.",Figma Prototype,73,88,IT_TERM,AUTO_MATCH
126,"Afterwards, Took detailed personal notes during the department town hall assembly.",[NO_ENTITY],-1,-1,NONE,AUTO_NEGATIVE
127,Created an interactive user interface component with Google Forms.,Google Forms,53,65,IT_TERM,AUTO_MATCH
128,"Today, Attended a technical workshop on best practices for Canva.",Canva,59,64,IT_TERM,AUTO_MATCH
129,"This week, Worked on backend API services and integrated Logbook Template for persistent storage.",Logbook Template,57,73,IT_TERM,AUTO_MATCH
130,"During my shift, Cross-checked incoming department requests as part of Financial Transactions.",Financial Transactions,71,93,CLERICAL_TERM,AUTO_MATCH
131,"Today, I developed a web application feature using Password Reset.",Password Reset,51,65,IT_TERM,AUTO_MATCH
132,"Afterwards, Helped a colleague locate the designated conference room on the third floor.",[NO_ENTITY],-1,-1,NONE,AUTO_NEGATIVE
133,"In the morning, Worked on backend API services and integrated UX Design for persistent storage.",UX Design,62,71,IT_TERM,AUTO_MATCH
134,"Early in the day, Signed the visitor logbook and collected the guest identification badges.",[NO_ENTITY],-1,-1,NONE,AUTO_NEGATIVE
135,"In the morning, I developed a web application feature using Figma.",Figma,60,65,IT_TERM,AUTO_MATCH
136,Collaborated with the infrastructure team to configure Printer Troubleshooting.,Printer Troubleshooting,55,78,IT_TERM,AUTO_MATCH
137,"First, Participated in the company-wide orientation regarding workplace ethics and rules.",[NO_ENTITY],-1,-1,NONE,AUTO_NEGATIVE
138,"During my shift, Maintained office order and coordinated department logistics through File Filing.",File Filing,86,97,CLERICAL_TERM,AUTO_MATCH
139,"In the morning, Monitored server resource utilization and optimized Database Normalization queries.",Database Normalization,68,90,IT_TERM,AUTO_MATCH
140,"As assigned, Distributed printed handouts and supported the team during Patient Records.",Patient Records,72,87,CLERICAL_TERM,AUTO_MATCH
141,Researched modern architectural best practices involving Certificate Design.,Certificate Design,57,75,IT_TERM,AUTO_MATCH
142,Designed the database schema and executed migrations using System Features.,System Features,59,74,IT_TERM,AUTO_MATCH
143,"This week, Installed necessary security patches and updated the API Routes dependency.",API Routes,64,74,IT_TERM,AUTO_MATCH
144,"In the morning, Automated our daily build and deployment pipeline using Network Troubleshooting.",Network Troubleshooting,72,95,IT_TERM,AUTO_MATCH
145,"In the morning, Attended a technical workshop on best practices for Landing Page.",Landing Page,68,80,IT_TERM,AUTO_MATCH
146,I developed a web application feature using Computer Assembly.,Computer Assembly,44,61,IT_TERM,AUTO_MATCH
147,"For my primary task, Resolved an unexpected crash in production by debugging our Vue.js service.",Vue.js,81,87,IT_TERM,AUTO_MATCH
148,"Today, Researched modern architectural best practices involving Database Schema.",Database Schema,64,79,IT_TERM,AUTO_MATCH
149,"During my shift, Reviewed transaction logs and audited files as part of Task Alignment.",Task Alignment,72,86,CLERICAL_TERM,AUTO_MATCH
150,I developed a web application feature using Identification Card Design.,Identification Card Design,44,70,IT_TERM,AUTO_MATCH
151,"As assigned, Distributed printed handouts and supported the team during Inventory Records.",Inventory Records,72,89,CLERICAL_TERM,AUTO_MATCH
152,"In the morning, Automated our daily build and deployment pipeline using Microsoft Word.",Microsoft Word,72,86,IT_TERM,AUTO_MATCH
153,"In the morning, Wrote clean, maintainable microservice code in Data Calculation under supervision.",Data Calculation,63,79,IT_TERM,AUTO_MATCH
154,"Today, Automated our daily build and deployment pipeline using eGOV.PH.",eGOV.PH,63,70,IT_TERM,AUTO_MATCH
155,"This week, Resolved an unexpected crash in production by debugging our AWS service.",AWS,71,74,IT_TERM,AUTO_MATCH
156,"Today, Distributed printed handouts and supported the team during Record Keeping.",Record Keeping,66,80,CLERICAL_TERM,AUTO_MATCH
157,"For my primary task, Collaborated with the infrastructure team to configure Google Cloud Platform.",Google Cloud Platform,76,97,IT_TERM,AUTO_MATCH
158,"Today, Monitored server resource utilization and optimized Canva queries.",Canva,59,64,IT_TERM,AUTO_MATCH
159,Troubleshot network connectivity and configuration errors in Python.,Python,61,67,IT_TERM,AUTO_MATCH
160,"During my shift, Reviewed transaction logs and audited files as part of Meeting Materials.",Meeting Materials,72,89,CLERICAL_TERM,AUTO_MATCH
161,"In the afternoon, Handled confidential student records during Document Sorting.",Document Sorting,62,78,CLERICAL_TERM,AUTO_MATCH
162,"In the afternoon, Handled confidential student records during OPT Plus.",OPT Plus,62,70,CLERICAL_TERM,AUTO_MATCH
163,"In the afternoon, Drafted official correspondence and summarized notes for Records Management.",Records Management,75,93,CLERICAL_TERM,AUTO_MATCH
164,"This week, Created comprehensive documentation and guidelines for System Deployment usage.",System Deployment,66,83,IT_TERM,AUTO_MATCH
165,"During my shift, Verified signatures and filed department clearance forms during Medicine Dispensing.",Medicine Dispensing,81,100,CLERICAL_TERM,AUTO_MATCH
166,"In the morning, Created comprehensive documentation and guidelines for System Deployment usage.",System Deployment,71,88,IT_TERM,AUTO_MATCH
167,Distributed printed handouts and supported the team during Meeting Materials.,Meeting Materials,59,76,CLERICAL_TERM,AUTO_MATCH
168,"On Thursday, Waited for feedback from the team lead before proceeding with the next assignment.",[NO_ENTITY],-1,-1,NONE,AUTO_NEGATIVE
169,"For my primary task, Implemented background asynchronous task workers using Facebook Management.",Facebook Management,76,95,IT_TERM,AUTO_MATCH
170,"In the morning, Researched modern architectural best practices involving Family Profiling Application.",Family Profiling Application,73,101,IT_TERM,AUTO_MATCH
171,"For my primary task, Designed the database schema and executed migrations using Capstone Study.",Capstone Study,80,94,IT_TERM,AUTO_MATCH
172,"On Thursday, Organized notebook notes and planned personal task priorities for tomorrow morning.",[NO_ENTITY],-1,-1,NONE,AUTO_NEGATIVE
173,"First, Took a short lunch break with fellow student interns at the company cafeteria.",[NO_ENTITY],-1,-1,NONE,AUTO_NEGATIVE
174,"In the morning, Configured the development environment and set up System Testing.",System Testing,66,80,IT_TERM,AUTO_MATCH
175,Monitored server resource utilization and optimized Form Validation queries.,Form Validation,52,67,IT_TERM,AUTO_MATCH
176,Facilitated document routing and tracked outgoing mail for Record Checking.,Record Checking,59,74,CLERICAL_TERM,AUTO_MATCH
177,"Today, Assisted staff members and visitors with inquiries regarding Account Balances.",Account Balances,68,84,CLERICAL_TERM,AUTO_MATCH
178,"Today, I developed a web application feature using Dashboard Interface.",Dashboard Interface,51,70,IT_TERM,AUTO_MATCH
179,"First, Organized notebook notes and planned personal task priorities for tomorrow morning.",[NO_ENTITY],-1,-1,NONE,AUTO_NEGATIVE
180,Reviewed transaction logs and audited files as part of Photo Documentation.,Photo Documentation,55,74,CLERICAL_TERM,AUTO_MATCH
181,Installed necessary security patches and updated the Database Management dependency.,Database Management,53,72,IT_TERM,AUTO_MATCH
182,"For my primary task, Worked on backend API services and integrated Server Configuration for persistent storage.",Server Configuration,67,87,IT_TERM,AUTO_MATCH
183,"In the morning, Implemented secure authentication and access controls in Windows Server.",Windows Server,73,87,IT_TERM,AUTO_MATCH
184,"First, Attended the farewell gathering for the departing senior supervisor.",[NO_ENTITY],-1,-1,NONE,AUTO_NEGATIVE
185,Helped a colleague locate the designated conference room on the third floor.,[NO_ENTITY],-1,-1,NONE,AUTO_NEGATIVE
186,"As assigned, Encoded information accurately into the office registry during Certificate Recognition.",Certificate Recognition,76,99,CLERICAL_TERM,AUTO_MATCH
187,"For my primary task, Refactored legacy code modules and migrated the system to Email Service.",Email Service,79,92,IT_TERM,AUTO_MATCH
188,"In the afternoon, Organized file cabinets, categorized binders, and conducted Research Activities.",Research Activities,78,97,CLERICAL_TERM,AUTO_MATCH
189,Distributed printed handouts and supported the team during Document Review.,Document Review,59,74,CLERICAL_TERM,AUTO_MATCH
190,"In the afternoon, Maintained office order and coordinated department logistics through Client Payments.",Client Payments,87,102,CLERICAL_TERM,AUTO_MATCH
191,"On Thursday, Had a quick alignment call with the project mentor to review weekly objectives.",[NO_ENTITY],-1,-1,NONE,AUTO_NEGATIVE
192,"For my primary task, Wrote clean, maintainable microservice code in Computer Hardware Maintenance under supervision.",Computer Hardware Maintenance,68,97,IT_TERM,AUTO_MATCH
193,"On Thursday, Greeted visitors at the entrance and escorted them to the conference room.",[NO_ENTITY],-1,-1,NONE,AUTO_NEGATIVE
194,"Early in the day, Attended the farewell gathering for the departing senior supervisor.",[NO_ENTITY],-1,-1,NONE,AUTO_NEGATIVE
195,"Early in the day, Took detailed personal notes during the department town hall assembly.",[NO_ENTITY],-1,-1,NONE,AUTO_NEGATIVE
196,"First, Cleaned the intern workstation and organized desk accessories before logging out.",[NO_ENTITY],-1,-1,NONE,AUTO_NEGATIVE
197,"In the morning, Resolved an unexpected crash in production by debugging our Data Validation service.",Data Validation,76,91,IT_TERM,AUTO_MATCH
198,"In the afternoon, Organized file cabinets, categorized binders, and conducted Medicine Stocks.",Medicine Stocks,78,93,CLERICAL_TERM,AUTO_MATCH
199,Researched modern architectural best practices involving Hardware Maintenance.,Hardware Maintenance,57,77,IT_TERM,AUTO_MATCH
200,"In the morning, Resolved an unexpected crash in production by debugging our Hardware Assembly service.",Hardware Assembly,76,93,IT_TERM,AUTO_MATCH
201,"This week, I developed a web application feature using Adobe Photoshop.",Adobe Photoshop,55,70,IT_TERM,AUTO_MATCH
202,"Today, Refactored legacy code modules and migrated the system to RBAC.",RBAC,65,69,IT_TERM,AUTO_MATCH
203,"Today, Facilitated document routing and tracked outgoing mail for Activity Documentation.",Activity Documentation,66,88,CLERICAL_TERM,AUTO_MATCH
204,"During my shift, Cross-checked incoming department requests as part of Document Sorting.",Document Sorting,71,87,CLERICAL_TERM,AUTO_MATCH
205,"As assigned, Handled confidential student records during Scholarship Records.",Scholarship Records,57,76,CLERICAL_TERM,AUTO_MATCH
206,"During my shift, Submitted the finalized documentation package required for Information Updating.",Information Updating,76,96,CLERICAL_TERM,AUTO_MATCH
207,"Early in the day, Arrived at the office on time and logged in to the biometric attendance machine.",[NO_ENTITY],-1,-1,NONE,AUTO_NEGATIVE
208,"During my shift, Organized file cabinets, categorized binders, and conducted Document Preparation.",Document Preparation,77,97,CLERICAL_TERM,AUTO_MATCH
209,"Early in the day, Reviewed general company guidelines regarding data privacy and acceptable use.",[NO_ENTITY],-1,-1,NONE,AUTO_NEGATIVE
210,"In the afternoon, Distributed printed handouts and supported the team during Payment Records.",Payment Records,77,92,CLERICAL_TERM,AUTO_MATCH
211,"During my shift, Drafted official correspondence and summarized notes for Certificate Distribution.",Certificate Distribution,74,98,CLERICAL_TERM,AUTO_MATCH
212,"As assigned, Encoded information accurately into the office registry during Document Routing.",Document Routing,76,92,CLERICAL_TERM,AUTO_MATCH
213,Participated in an open discussion regarding team workflow enhancements.,[NO_ENTITY],-1,-1,NONE,AUTO_NEGATIVE
214,Signed the visitor logbook and collected the guest identification badges.,[NO_ENTITY],-1,-1,NONE,AUTO_NEGATIVE
215,Implemented secure authentication and access controls in System Maintenance.,System Maintenance,57,75,IT_TERM,AUTO_MATCH
216,"Today, Researched modern architectural best practices involving Hardware Installation.",Hardware Installation,64,85,IT_TERM,AUTO_MATCH
217,Assisted staff members and visitors with inquiries regarding Client Satisfaction Survey.,Client Satisfaction Survey,61,87,CLERICAL_TERM,AUTO_MATCH
218,"In the afternoon, Maintained office order and coordinated department logistics through Document Verification.",Document Verification,87,108,CLERICAL_TERM,AUTO_MATCH
219,"For my primary task, Attended a technical workshop on best practices for Livewire.",Livewire,73,81,IT_TERM,AUTO_MATCH
220,"During my shift, Encoded information accurately into the office registry during Material Distribution.",Material Distribution,80,101,CLERICAL_TERM,AUTO_MATCH
221,"In the morning, Researched modern architectural best practices involving Database Connections.",Database Connections,73,93,IT_TERM,AUTO_MATCH
222,Assisted staff members and visitors with inquiries regarding Form Distribution.,Form Distribution,61,78,CLERICAL_TERM,AUTO_MATCH
223,"Today, Installed necessary security patches and updated the System Encryption dependency.",System Encryption,60,77,IT_TERM,AUTO_MATCH
224,"Today, Researched modern architectural best practices involving Password Recovery.",Password Recovery,64,81,IT_TERM,AUTO_MATCH
225,"Today, I developed a web application feature using Machine Learning.",Machine Learning,51,67,IT_TERM,AUTO_MATCH
226,"For my primary task, I developed a web application feature using Postman.",Postman,65,72,IT_TERM,AUTO_MATCH
227,"As assigned, Drafted official correspondence and summarized notes for Report Preparation.",Report Preparation,70,88,CLERICAL_TERM,AUTO_MATCH
228,Worked on backend API services and integrated PhpSpreadsheet for persistent storage.,PhpSpreadsheet,46,60,IT_TERM,AUTO_MATCH
229,"In the afternoon, Distributed printed handouts and supported the team during Flyer Distribution.",Flyer Distribution,77,95,CLERICAL_TERM,AUTO_MATCH
230,Troubleshot network connectivity and configuration errors in System Planning.,System Planning,61,76,IT_TERM,AUTO_MATCH
231,"This week, Resolved an unexpected crash in production by debugging our Hardware Troubleshooting service.",Hardware Troubleshooting,71,95,IT_TERM,AUTO_MATCH
232,"First, Cleaned the intern workstation and organized desk accessories before logging out.",[NO_ENTITY],-1,-1,NONE,AUTO_NEGATIVE
233,"Today, Verified signatures and filed department clearance forms during Audit Preparation.",Audit Preparation,71,88,CLERICAL_TERM,AUTO_MATCH
234,"On Thursday, Organized notebook notes and planned personal task priorities for tomorrow morning.",[NO_ENTITY],-1,-1,NONE,AUTO_NEGATIVE
235,"Today, Created comprehensive documentation and guidelines for SQLite usage.",SQLite,62,68,IT_TERM,AUTO_MATCH
236,"In the afternoon, Maintained office order and coordinated department logistics through Record Organization.",Record Organization,87,106,CLERICAL_TERM,AUTO_MATCH
237,"This week, Implemented background asynchronous task workers using Microsoft Excel.",Microsoft Excel,66,81,IT_TERM,AUTO_MATCH
238,"On Thursday, Discussed project deadlines and milestone expectations during the afternoon huddle.",[NO_ENTITY],-1,-1,NONE,AUTO_NEGATIVE
239,Helped a colleague locate the designated conference room on the third floor.,[NO_ENTITY],-1,-1,NONE,AUTO_NEGATIVE
240,"First, Took a short lunch break with fellow student interns at the company cafeteria.",[NO_ENTITY],-1,-1,NONE,AUTO_NEGATIVE
241,"This week, Automated our daily build and deployment pipeline using System Stability.",System Stability,67,83,IT_TERM,AUTO_MATCH
242,"Today, Conducted automated unit testing and performance benchmarks on Poster Design.",Poster Design,70,83,IT_TERM,AUTO_MATCH
243,Assisted the administrative supervisor with daily Client Satisfaction Survey.,Client Satisfaction Survey,50,76,CLERICAL_TERM,AUTO_MATCH
244,"Today, Organized file cabinets, categorized binders, and conducted Insurance Details.",Insurance Details,67,84,CLERICAL_TERM,AUTO_MATCH
245,"Afterwards, Waited for feedback from the team lead before proceeding with the next assignment.",[NO_ENTITY],-1,-1,NONE,AUTO_NEGATIVE
246,"Today, Compiled weekly department statistics and created charts for Document Checking.",Document Checking,68,85,CLERICAL_TERM,AUTO_MATCH
247,"In the morning, Implemented background asynchronous task workers using Responsive Design.",Responsive Design,71,88,IT_TERM,AUTO_MATCH
248,"Today, Implemented background asynchronous task workers using Spatie.",Spatie,62,68,IT_TERM,AUTO_MATCH
249,"During my shift, Prepared the required paperwork and verified attachments for Medicine Labeling.",Medicine Labeling,78,95,CLERICAL_TERM,AUTO_MATCH
250,"Afterwards, Signed the visitor logbook and collected the guest identification badges.",[NO_ENTITY],-1,-1,NONE,AUTO_NEGATIVE
251,"As assigned, Assisted staff members and visitors with inquiries regarding Presentation Materials.",Presentation Materials,74,96,CLERICAL_TERM,AUTO_MATCH
252,"Today, Reviewed transaction logs and audited files as part of Payment Records.",Payment Records,62,77,CLERICAL_TERM,AUTO_MATCH
253,"Today, Monitored server resource utilization and optimized Capstone Project queries.",Capstone Project,59,75,IT_TERM,AUTO_MATCH
254,"During my shift, Printed, stamped, and organized physical documents for Team Task Division.",Team Task Division,72,90,CLERICAL_TERM,AUTO_MATCH
255,Installed necessary security patches and updated the Angular dependency.,Angular,53,60,IT_TERM,AUTO_MATCH
256,"Today, Distributed printed handouts and supported the team during File Arrangement.",File Arrangement,66,82,CLERICAL_TERM,AUTO_MATCH
257,"First, Reviewed general company guidelines regarding data privacy and acceptable use.",[NO_ENTITY],-1,-1,NONE,AUTO_NEGATIVE
258,"Today, Verified signatures and filed department clearance forms during Data Consolidation.",Data Consolidation,71,89,CLERICAL_TERM,AUTO_MATCH
259,Reviewed transaction logs and audited files as part of ID Distribution.,ID Distribution,55,70,CLERICAL_TERM,AUTO_MATCH
260,"During my shift, Organized file cabinets, categorized binders, and conducted Exit Clearance Forms.",Exit Clearance Forms,77,97,CLERICAL_TERM,AUTO_MATCH
261,"In the morning, Assisted our senior engineer in deploying our application using Microsoft Azure.",Microsoft Azure,80,95,IT_TERM,AUTO_MATCH
262,"In the afternoon, Submitted the finalized documentation package required for Meeting Proceedings.",Meeting Proceedings,77,96,CLERICAL_TERM,AUTO_MATCH
263,"In the morning, Implemented secure authentication and access controls in System Features.",System Features,73,88,IT_TERM,AUTO_MATCH
264,"Today, Researched modern architectural best practices involving Geospatial Tracking.",Geospatial Tracking,64,83,IT_TERM,AUTO_MATCH
265,"In the morning, Designed the database schema and executed migrations using Facebook Posting.",Facebook Posting,75,91,IT_TERM,AUTO_MATCH
266,"As assigned, Assisted staff members and visitors with inquiries regarding Certificate Release.",Certificate Release,74,93,CLERICAL_TERM,AUTO_MATCH
267,Reviewed transaction logs and audited files as part of Public Notices.,Public Notices,55,69,CLERICAL_TERM,AUTO_MATCH
268,"During my shift, Cross-checked incoming department requests as part of Charter Day.",Charter Day,71,82,CLERICAL_TERM,AUTO_MATCH
269,"Today, Conducted automated unit testing and performance benchmarks on System Debugging.",System Debugging,70,86,IT_TERM,AUTO_MATCH
270,"This week, Created comprehensive documentation and guidelines for Access Control usage.",Access Control,66,80,IT_TERM,AUTO_MATCH
271,"Early in the day, Had a quick alignment call with the project mentor to review weekly objectives.",[NO_ENTITY],-1,-1,NONE,AUTO_NEGATIVE
272,"In the morning, Configured the development environment and set up Email Verification.",Email Verification,66,84,IT_TERM,AUTO_MATCH
273,"This week, I developed a web application feature using Research Summit.",Research Summit,55,70,IT_TERM,AUTO_MATCH
274,"In the afternoon, Drafted official correspondence and summarized notes for Financial Records.",Financial Records,75,92,CLERICAL_TERM,AUTO_MATCH
275,"In the morning, Monitored server resource utilization and optimized Database Management queries.",Database Management,68,87,IT_TERM,AUTO_MATCH
276,"On Thursday, Discussed project deadlines and milestone expectations during the afternoon huddle.",[NO_ENTITY],-1,-1,NONE,AUTO_NEGATIVE
277,"During my shift, Encoded information accurately into the office registry during Document Management.",Document Management,80,99,CLERICAL_TERM,AUTO_MATCH
278,"During my shift, Verified signatures and filed department clearance forms during BNS Meeting.",BNS Meeting,81,92,CLERICAL_TERM,AUTO_MATCH
279,"On Thursday, Submitted the bi-weekly intern time log sheet to the human resource assistant.",[NO_ENTITY],-1,-1,NONE,AUTO_NEGATIVE
280,"During my shift, Printed, stamped, and organized physical documents for Attendance Records.",Attendance Records,72,90,CLERICAL_TERM,AUTO_MATCH
281,Signed the visitor logbook and collected the guest identification badges.,[NO_ENTITY],-1,-1,NONE,AUTO_NEGATIVE
282,"Today, Attended a technical workshop on best practices for Nutrimap System.",Nutrimap System,59,74,IT_TERM,AUTO_MATCH
283,Encoded information accurately into the office registry during ID Release.,ID Release,63,73,CLERICAL_TERM,AUTO_MATCH
284,"Today, Prepared the required paperwork and verified attachments for Inventory Records.",Inventory Records,68,85,CLERICAL_TERM,AUTO_MATCH
285,"As assigned, Facilitated document routing and tracked outgoing mail for Client Payments.",Client Payments,72,87,CLERICAL_TERM,AUTO_MATCH
286,"As assigned, Assisted staff members and visitors with inquiries regarding Record Organization.",Record Organization,74,93,CLERICAL_TERM,AUTO_MATCH
287,"Today, Implemented secure authentication and access controls in Data Validation.",Data Validation,64,79,IT_TERM,AUTO_MATCH
288,"In the afternoon, Facilitated document routing and tracked outgoing mail for Material Distribution.",Material Distribution,77,98,CLERICAL_TERM,AUTO_MATCH
289,"Today, Configured the development environment and set up Hardware Installation.",Hardware Installation,57,78,IT_TERM,AUTO_MATCH
290,"For my primary task, Assisted our senior engineer in deploying our application using Composer.",Composer,85,93,IT_TERM,AUTO_MATCH
291,"In the morning, Designed the database schema and executed migrations using Poster Design.",Poster Design,75,88,IT_TERM,AUTO_MATCH
292,Conducted automated unit testing and performance benchmarks on UI Components.,UI Components,63,76,IT_TERM,AUTO_MATCH
293,Drafted official correspondence and summarized notes for Inventory Counting.,Inventory Counting,57,75,CLERICAL_TERM,AUTO_MATCH
294,"Organized file cabinets, categorized binders, and conducted Workspace Organization.",Workspace Organization,60,82,CLERICAL_TERM,AUTO_MATCH
295,"Today, Implemented secure authentication and access controls in AWS.",AWS,64,67,IT_TERM,AUTO_MATCH
296,"Afterwards, Discussed project deadlines and milestone expectations during the afternoon huddle.",[NO_ENTITY],-1,-1,NONE,AUTO_NEGATIVE
297,"In the morning, Collaborated with the infrastructure team to configure Microsoft Excel.",Microsoft Excel,71,86,IT_TERM,AUTO_MATCH
298,"Today, Distributed printed handouts and supported the team during Collection Reports.",Collection Reports,66,84,CLERICAL_TERM,AUTO_MATCH
299,Attended the farewell gathering for the departing senior supervisor.,[NO_ENTITY],-1,-1,NONE,AUTO_NEGATIVE
300,"For my primary task, Conducted automated unit testing and performance benchmarks on Merge Conflict.",Merge Conflict,84,98,IT_TERM,AUTO_MATCH
301,"As assigned, Cross-checked incoming department requests as part of Medicine Stocks.",Medicine Stocks,67,82,CLERICAL_TERM,AUTO_MATCH
302,"Today, Implemented background asynchronous task workers using GitHub.",GitHub,62,68,IT_TERM,AUTO_MATCH
303,"Printed, stamped, and organized physical documents for Nutrition Activities.",Nutrition Activities,55,75,CLERICAL_TERM,AUTO_MATCH
304,"On Thursday, Arrived at the office on time and logged in to the biometric attendance machine.",[NO_ENTITY],-1,-1,NONE,AUTO_NEGATIVE
305,"Today, Submitted the finalized documentation package required for Medicine Dispensing.",Medicine Dispensing,66,85,CLERICAL_TERM,AUTO_MATCH
306,"Today, Created comprehensive documentation and guidelines for Django usage.",Django,62,68,IT_TERM,AUTO_MATCH
307,"In the afternoon, Completed the assigned weekly tasks regarding Record Keeping on schedule.",Record Keeping,64,78,CLERICAL_TERM,AUTO_MATCH
308,"As assigned, Printed, stamped, and organized physical documents for Document Checking.",Document Checking,68,85,CLERICAL_TERM,AUTO_MATCH
309,"First, Checked my work email inbox and responded to routine greeting messages.",[NO_ENTITY],-1,-1,NONE,AUTO_NEGATIVE
310,"For my primary task, Monitored server resource utilization and optimized UI/UX Design queries.",UI/UX Design,73,85,IT_TERM,AUTO_MATCH
311,Compiled weekly department statistics and created charts for Records Management.,Records Management,61,79,CLERICAL_TERM,AUTO_MATCH
312,Researched modern architectural best practices involving Deployment Testing.,Deployment Testing,57,75,IT_TERM,AUTO_MATCH
313,"For my primary task, Troubleshot network connectivity and configuration errors in System Testing.",System Testing,82,96,IT_TERM,AUTO_MATCH
314,"For my primary task, Designed the database schema and executed migrations using Printer Driver.",Printer Driver,80,94,IT_TERM,AUTO_MATCH
315,"During my shift, Printed, stamped, and organized physical documents for Incoming Documents.",Incoming Documents,72,90,CLERICAL_TERM,AUTO_MATCH
316,"For my primary task, Monitored server resource utilization and optimized Ubuntu queries.",Ubuntu,73,79,IT_TERM,AUTO_MATCH
317,"Today, Created an interactive user interface component with CSS.",CSS,60,63,IT_TERM,AUTO_MATCH
318,Collaborated with the infrastructure team to configure Facebook Management.,Facebook Management,55,74,IT_TERM,AUTO_MATCH
319,Signed the visitor logbook and collected the guest identification badges.,[NO_ENTITY],-1,-1,NONE,AUTO_NEGATIVE
320,"Today, Implemented background asynchronous task workers using Microsoft Word.",Microsoft Word,62,76,IT_TERM,AUTO_MATCH
321,"First, Took detailed personal notes during the department town hall assembly.",[NO_ENTITY],-1,-1,NONE,AUTO_NEGATIVE
322,Worked on backend API services and integrated Digital File Organization for persistent storage.,Digital File Organization,46,71,IT_TERM,AUTO_MATCH
323,"This week, Implemented background asynchronous task workers using Computer Setup.",Computer Setup,66,80,IT_TERM,AUTO_MATCH
324,"During my shift, Distributed printed handouts and supported the team during Stock Records.",Stock Records,76,89,CLERICAL_TERM,AUTO_MATCH
325,Assisted our senior engineer in deploying our application using Data Input.,Data Input,64,74,IT_TERM,AUTO_MATCH
326,"Today, Worked on backend API services and integrated MySQL for persistent storage.",MySQL,53,58,IT_TERM,AUTO_MATCH
327,"In the afternoon, Compiled weekly department statistics and created charts for Folder Organization.",Folder Organization,79,98,CLERICAL_TERM,AUTO_MATCH
328,Waited for feedback from the team lead before proceeding with the next assignment.,[NO_ENTITY],-1,-1,NONE,AUTO_NEGATIVE
329,"During my shift, Assisted staff members and visitors with inquiries regarding Document Distribution.",Document Distribution,78,99,CLERICAL_TERM,AUTO_MATCH
330,"In the afternoon, Managed physical inventory counts and logged discrepancies during Record Keeping.",Record Keeping,84,98,CLERICAL_TERM,AUTO_MATCH
331,"As assigned, Encoded information accurately into the office registry during Beneficiary Records.",Beneficiary Records,76,95,CLERICAL_TERM,AUTO_MATCH
332,"Early in the day, Checked my work email inbox and responded to routine greeting messages.",[NO_ENTITY],-1,-1,NONE,AUTO_NEGATIVE
333,"Early in the day, Submitted the bi-weekly intern time log sheet to the human resource assistant.",[NO_ENTITY],-1,-1,NONE,AUTO_NEGATIVE
334,"Today, Conducted automated unit testing and performance benchmarks on Deployment Testing.",Deployment Testing,70,88,IT_TERM,AUTO_MATCH
335,"For my primary task, Installed necessary security patches and updated the Database Normalization dependency.",Database Normalization,74,96,IT_TERM,AUTO_MATCH
336,"First, Submitted the bi-weekly intern time log sheet to the human resource assistant.",[NO_ENTITY],-1,-1,NONE,AUTO_NEGATIVE
337,"As assigned, Printed, stamped, and organized physical documents for Document Handling.",Document Handling,68,85,CLERICAL_TERM,AUTO_MATCH
338,"As assigned, Cross-checked incoming department requests as part of Medical Inventory.",Medical Inventory,67,84,CLERICAL_TERM,AUTO_MATCH
339,"Afterwards, Discussed project deadlines and milestone expectations during the afternoon huddle.",[NO_ENTITY],-1,-1,NONE,AUTO_NEGATIVE
340,"Today, Troubleshot network connectivity and configuration errors in Template Design.",Template Design,68,83,IT_TERM,AUTO_MATCH
341,"As assigned, Drafted official correspondence and summarized notes for Information Reviewing.",Information Reviewing,70,91,CLERICAL_TERM,AUTO_MATCH
342,"On Thursday, Participated in the company-wide orientation regarding workplace ethics and rules.",[NO_ENTITY],-1,-1,NONE,AUTO_NEGATIVE
343,Attended a technical workshop on best practices for Error Handling.,Error Handling,52,66,IT_TERM,AUTO_MATCH
344,"In the afternoon, Assisted the administrative supervisor with daily Team Coordination.",Team Coordination,68,85,CLERICAL_TERM,AUTO_MATCH
345,Implemented secure authentication and access controls in Inquiry System.,Inquiry System,57,71,IT_TERM,AUTO_MATCH
346,"Today, Assisted staff members and visitors with inquiries regarding Attendance Records.",Attendance Records,68,86,CLERICAL_TERM,AUTO_MATCH
347,"During my shift, Assisted staff members and visitors with inquiries regarding File Checking.",File Checking,78,91,CLERICAL_TERM,AUTO_MATCH
348,"First, Waited for feedback from the team lead before proceeding with the next assignment.",[NO_ENTITY],-1,-1,NONE,AUTO_NEGATIVE
349,"Today, Implemented secure authentication and access controls in Digital File Organization.",Digital File Organization,64,89,IT_TERM,AUTO_MATCH
350,"During my shift, Distributed printed handouts and supported the team during Record Management.",Record Management,76,93,CLERICAL_TERM,AUTO_MATCH
351,"This week, Worked on backend API services and integrated JavaScript for persistent storage.",JavaScript,57,67,IT_TERM,AUTO_MATCH
352,"In the morning, Assisted our senior engineer in deploying our application using Access Control.",Access Control,80,94,IT_TERM,AUTO_MATCH
353,"Today, Automated our daily build and deployment pipeline using UI Design.",UI Design,63,72,IT_TERM,AUTO_MATCH
354,"As assigned, Distributed printed handouts and supported the team during Nutrition Counseling.",Nutrition Counseling,72,92,CLERICAL_TERM,AUTO_MATCH
355,"On Thursday, Waited for feedback from the team lead before proceeding with the next assignment.",[NO_ENTITY],-1,-1,NONE,AUTO_NEGATIVE
356,"In the morning, Conducted automated unit testing and performance benchmarks on Data Entry.",Data Entry,79,89,IT_TERM,AUTO_MATCH
357,Submitted the finalized documentation package required for Team Coordination.,Team Coordination,59,76,CLERICAL_TERM,AUTO_MATCH
358,"Today, Worked on backend API services and integrated Visual Design for persistent storage.",Visual Design,53,66,IT_TERM,AUTO_MATCH
359,"Today, Attended a technical workshop on best practices for Printer Repair.",Printer Repair,59,73,IT_TERM,AUTO_MATCH
360,"On Thursday, Checked my work email inbox and responded to routine greeting messages.",[NO_ENTITY],-1,-1,NONE,AUTO_NEGATIVE
361,"In the afternoon, Assisted the administrative supervisor with daily Research Activities.",Research Activities,68,87,CLERICAL_TERM,AUTO_MATCH
362,"Early in the day, Helped a colleague locate the designated conference room on the third floor.",[NO_ENTITY],-1,-1,NONE,AUTO_NEGATIVE
363,Automated our daily build and deployment pipeline using Laravel.,Laravel,56,63,IT_TERM,AUTO_MATCH
364,"This week, Monitored server resource utilization and optimized PostgreSQL queries.",PostgreSQL,63,73,IT_TERM,AUTO_MATCH
365,"On Thursday, Listened to a presentation given by the department head on strategic objectives.",[NO_ENTITY],-1,-1,NONE,AUTO_NEGATIVE
366,"On Thursday, Signed the visitor logbook and collected the guest identification badges.",[NO_ENTITY],-1,-1,NONE,AUTO_NEGATIVE
367,Participated in the company-wide orientation regarding workplace ethics and rules.,[NO_ENTITY],-1,-1,NONE,AUTO_NEGATIVE
368,"During my shift, Facilitated document routing and tracked outgoing mail for Document Filing.",Document Filing,76,91,CLERICAL_TERM,AUTO_MATCH
369,Discussed project deadlines and milestone expectations during the afternoon huddle.,[NO_ENTITY],-1,-1,NONE,AUTO_NEGATIVE
370,Distributed printed handouts and supported the team during Audit Preparation.,Audit Preparation,59,76,CLERICAL_TERM,AUTO_MATCH
371,"During my shift, Handled confidential student records during Records Management.",Records Management,61,79,CLERICAL_TERM,AUTO_MATCH
372,"For my primary task, I developed a web application feature using Java.",Java,65,69,IT_TERM,AUTO_MATCH
373,"First, Checked my work email inbox and responded to routine greeting messages.",[NO_ENTITY],-1,-1,NONE,AUTO_NEGATIVE
374,"As assigned, Drafted official correspondence and summarized notes for Client Payments.",Client Payments,70,85,CLERICAL_TERM,AUTO_MATCH
375,"Early in the day, Attended the farewell gathering for the departing senior supervisor.",[NO_ENTITY],-1,-1,NONE,AUTO_NEGATIVE
376,Created comprehensive documentation and guidelines for Interactive Map usage.,Interactive Map,55,70,IT_TERM,AUTO_MATCH
377,"For my primary task, Conducted automated unit testing and performance benchmarks on System Deployment.",System Deployment,84,101,IT_TERM,AUTO_MATCH
378,Conducted automated unit testing and performance benchmarks on Oracle Database.,Oracle Database,63,78,IT_TERM,AUTO_MATCH
379,Assisted staff members and visitors with inquiries regarding Activity Documentation.,Activity Documentation,61,83,CLERICAL_TERM,AUTO_MATCH
380,"In the afternoon, Printed, stamped, and organized physical documents for File Labels.",File Labels,73,84,CLERICAL_TERM,AUTO_MATCH
381,"In the afternoon, Prepared the required paperwork and verified attachments for Document Review.",Document Review,79,94,CLERICAL_TERM,AUTO_MATCH
382,"Today, Reviewed transaction logs and audited files as part of Scholarship Data.",Scholarship Data,62,78,CLERICAL_TERM,AUTO_MATCH
383,"This week, Designed the database schema and executed migrations using MongoDB.",MongoDB,70,77,IT_TERM,AUTO_MATCH
384,"In the morning, Wrote clean, maintainable microservice code in Agile under supervision.",Agile,63,68,IT_TERM,AUTO_MATCH
385,"Today, Configured the development environment and set up Hardware Maintenance.",Hardware Maintenance,57,77,IT_TERM,AUTO_MATCH
386,"Early in the day, Submitted the bi-weekly intern time log sheet to the human resource assistant.",[NO_ENTITY],-1,-1,NONE,AUTO_NEGATIVE
387,"As assigned, Reviewed transaction logs and audited files as part of Task Alignment.",Task Alignment,68,82,CLERICAL_TERM,AUTO_MATCH
388,Completed the assigned weekly tasks regarding Transfer Slips on schedule.,Transfer Slips,46,60,CLERICAL_TERM,AUTO_MATCH
389,"First, Submitted the bi-weekly intern time log sheet to the human resource assistant.",[NO_ENTITY],-1,-1,NONE,AUTO_NEGATIVE
390,"Today, Troubleshot network connectivity and configuration errors in Django.",Django,68,74,IT_TERM,AUTO_MATCH
391,"As assigned, Cross-checked incoming department requests as part of Document Handling.",Document Handling,67,84,CLERICAL_TERM,AUTO_MATCH
392,Drafted official correspondence and summarized notes for Certificate Distribution.,Certificate Distribution,57,81,CLERICAL_TERM,AUTO_MATCH
393,"Today, Conducted automated unit testing and performance benchmarks on Bug Fixing.",Bug Fixing,70,80,IT_TERM,AUTO_MATCH
394,"On Thursday, Discussed project deadlines and milestone expectations during the afternoon huddle.",[NO_ENTITY],-1,-1,NONE,AUTO_NEGATIVE
395,"In the afternoon, Reviewed transaction logs and audited files as part of Report Preparation.",Report Preparation,73,91,CLERICAL_TERM,AUTO_MATCH
396,"Today, Monitored server resource utilization and optimized System Development queries.",System Development,59,77,IT_TERM,AUTO_MATCH
397,"Today, Encoded information accurately into the office registry during Financial Records.",Financial Records,70,87,CLERICAL_TERM,AUTO_MATCH
398,"On Thursday, Checked my work email inbox and responded to routine greeting messages.",[NO_ENTITY],-1,-1,NONE,AUTO_NEGATIVE
399,"Afterwards, Arrived at the office on time and logged in to the biometric attendance machine.",[NO_ENTITY],-1,-1,NONE,AUTO_NEGATIVE
400,"In the afternoon, Assisted staff members and visitors with inquiries regarding Document Delivery.",Document Delivery,79,96,CLERICAL_TERM,AUTO_MATCH
401,"Afterwards, Participated in the company-wide orientation regarding workplace ethics and rules.",[NO_ENTITY],-1,-1,NONE,AUTO_NEGATIVE
402,"During my shift, Handled confidential student records during Police Clearance.",Police Clearance,61,77,CLERICAL_TERM,AUTO_MATCH
403,Reviewed transaction logs and audited files as part of Flyer Distribution.,Flyer Distribution,55,73,CLERICAL_TERM,AUTO_MATCH
404,"For my primary task, Collaborated with the infrastructure team to configure System Interface.",System Interface,76,92,IT_TERM,AUTO_MATCH
405,"Afterwards, Listened to a presentation given by the department head on strategic objectives.",[NO_ENTITY],-1,-1,NONE,AUTO_NEGATIVE
406,"In the morning, Attended a technical workshop on best practices for Spring Boot.",Spring Boot,68,79,IT_TERM,AUTO_MATCH
407,"In the morning, Assisted our senior engineer in deploying our application using Network Troubleshooting.",Network Troubleshooting,80,103,IT_TERM,AUTO_MATCH
408,"On Thursday, Joined the weekly team retrospective to share progress updates and blockers.",[NO_ENTITY],-1,-1,NONE,AUTO_NEGATIVE
409,Implemented background asynchronous task workers using Object-Oriented Programming.,Object-Oriented Programming,55,82,IT_TERM,AUTO_MATCH
410,"In the morning, Automated our daily build and deployment pipeline using InfinityFree.",InfinityFree,72,84,IT_TERM,AUTO_MATCH
411,"In the afternoon, Distributed printed handouts and supported the team during Awarding Ceremony.",Awarding Ceremony,77,94,CLERICAL_TERM,AUTO_MATCH
412,"Today, Compiled weekly department statistics and created charts for Document Routing.",Document Routing,68,84,CLERICAL_TERM,AUTO_MATCH
413,"Afterwards, Arrived at the office on time and logged in to the biometric attendance machine.",[NO_ENTITY],-1,-1,NONE,AUTO_NEGATIVE
414,"As assigned, Encoded information accurately into the office registry during Inventory Organization.",Inventory Organization,76,98,CLERICAL_TERM,AUTO_MATCH
415,Prepared the required paperwork and verified attachments for Document Stamping.,Document Stamping,61,78,CLERICAL_TERM,AUTO_MATCH
416,"For my primary task, Conducted automated unit testing and performance benchmarks on Node.js.",Node.js,84,91,IT_TERM,AUTO_MATCH
417,"Early in the day, Participated in the company-wide orientation regarding workplace ethics and rules.",[NO_ENTITY],-1,-1,NONE,AUTO_NEGATIVE
418,Handled confidential student records during BNS Activities.,BNS Activities,44,58,CLERICAL_TERM,AUTO_MATCH
419,"Today, Monitored server resource utilization and optimized Email Service queries.",Email Service,59,72,IT_TERM,AUTO_MATCH
420,"Today, Compiled weekly department statistics and created charts for File Checking.",File Checking,68,81,CLERICAL_TERM,AUTO_MATCH
421,Collaborated with the infrastructure team to configure Dashboard Interface.,Dashboard Interface,55,74,IT_TERM,AUTO_MATCH
422,"Wrote clean, maintainable microservice code in IT Fest under supervision.",IT Fest,47,54,IT_TERM,AUTO_MATCH
423,"As assigned, Distributed printed handouts and supported the team during Health Records.",Health Records,72,86,CLERICAL_TERM,AUTO_MATCH
424,"As assigned, Reviewed transaction logs and audited files as part of Medical Records.",Medical Records,68,83,CLERICAL_TERM,AUTO_MATCH
425,"As assigned, Prepared the required paperwork and verified attachments for File Organization.",File Organization,74,91,CLERICAL_TERM,AUTO_MATCH
426,Arrived at the office on time and logged in to the biometric attendance machine.,[NO_ENTITY],-1,-1,NONE,AUTO_NEGATIVE
427,Collaborated with the infrastructure team to configure System Performance.,System Performance,55,73,IT_TERM,AUTO_MATCH
428,"In the afternoon, Verified signatures and filed department clearance forms during Member ID.",Member ID,82,91,CLERICAL_TERM,AUTO_MATCH
429,"As assigned, Verified signatures and filed department clearance forms during Document Safekeeping.",Document Safekeeping,77,97,CLERICAL_TERM,AUTO_MATCH
430,"First, Listened to a presentation given by the department head on strategic objectives.",[NO_ENTITY],-1,-1,NONE,AUTO_NEGATIVE
431,Installed necessary security patches and updated the InfinityFree dependency.,InfinityFree,53,65,IT_TERM,AUTO_MATCH
432,"For my primary task, Attended a technical workshop on best practices for Tarpaulin Design.",Tarpaulin Design,73,89,IT_TERM,AUTO_MATCH
433,Had a quick alignment call with the project mentor to review weekly objectives.,[NO_ENTITY],-1,-1,NONE,AUTO_NEGATIVE
434,"In the afternoon, Managed physical inventory counts and logged discrepancies during Data Consolidation.",Data Consolidation,84,102,CLERICAL_TERM,AUTO_MATCH
435,"As assigned, Reviewed transaction logs and audited files as part of File Labels.",File Labels,68,79,CLERICAL_TERM,AUTO_MATCH
436,"In the morning, Automated our daily build and deployment pipeline using Database Queries.",Database Queries,72,88,IT_TERM,AUTO_MATCH
437,"As assigned, Maintained office order and coordinated department logistics through Financial Transactions.",Financial Transactions,82,104,CLERICAL_TERM,AUTO_MATCH
438,"This week, Automated our daily build and deployment pipeline using Family Profiling Application.",Family Profiling Application,67,95,IT_TERM,AUTO_MATCH
439,"This week, Conducted automated unit testing and performance benchmarks on UI/UX Design.",UI/UX Design,74,86,IT_TERM,AUTO_MATCH
440,"During my shift, Printed, stamped, and organized physical documents for Information Reviewing.",Information Reviewing,72,93,CLERICAL_TERM,AUTO_MATCH
441,"In the afternoon, Drafted official correspondence and summarized notes for Data Recording.",Data Recording,75,89,CLERICAL_TERM,AUTO_MATCH
442,Collaborated with the infrastructure team to configure Deployment Testing.,Deployment Testing,55,73,IT_TERM,AUTO_MATCH
443,"Today, Drafted official correspondence and summarized notes for Scanning Documents.",Scanning Documents,64,82,CLERICAL_TERM,AUTO_MATCH
444,"Early in the day, Arrived at the office on time and logged in to the biometric attendance machine.",[NO_ENTITY],-1,-1,NONE,AUTO_NEGATIVE
445,Handled confidential student records during Charter Day.,Charter Day,44,55,CLERICAL_TERM,AUTO_MATCH
446,"Today, Verified signatures and filed department clearance forms during Student Enrollment.",Student Enrollment,71,89,CLERICAL_TERM,AUTO_MATCH
447,Assisted staff members and visitors with inquiries regarding Customer Service.,Customer Service,61,77,CLERICAL_TERM,AUTO_MATCH
448,"In the morning, Resolved an unexpected crash in production by debugging our AI Chatbot service.",AI Chatbot,76,86,IT_TERM,AUTO_MATCH
449,"Today, Implemented secure authentication and access controls in Certificate Design.",Certificate Design,64,82,IT_TERM,AUTO_MATCH
450,"In the afternoon, Handled confidential student records during Savings Accounts.",Savings Accounts,62,78,CLERICAL_TERM,AUTO_MATCH
451,Submitted the bi-weekly intern time log sheet to the human resource assistant.,[NO_ENTITY],-1,-1,NONE,AUTO_NEGATIVE
452,Reviewed transaction logs and audited files as part of Data Correction.,Data Correction,55,70,CLERICAL_TERM,AUTO_MATCH
453,Listened to a presentation given by the department head on strategic objectives.,[NO_ENTITY],-1,-1,NONE,AUTO_NEGATIVE
454,Submitted the finalized documentation package required for Office Coordination.,Office Coordination,59,78,CLERICAL_TERM,AUTO_MATCH
455,"During my shift, Printed, stamped, and organized physical documents for Patient Assistance.",Patient Assistance,72,90,CLERICAL_TERM,AUTO_MATCH
456,"Afterwards, Took a short lunch break with fellow student interns at the company cafeteria.",[NO_ENTITY],-1,-1,NONE,AUTO_NEGATIVE
457,"During my shift, Prepared the required paperwork and verified attachments for Medical Inventory.",Medical Inventory,78,95,CLERICAL_TERM,AUTO_MATCH
458,Designed the database schema and executed migrations using Web Server.,Web Server,59,69,IT_TERM,AUTO_MATCH
459,"Wrote clean, maintainable microservice code in File Management under supervision.",File Management,47,62,IT_TERM,AUTO_MATCH
460,"In the morning, Designed the database schema and executed migrations using Google Forms.",Google Forms,75,87,IT_TERM,AUTO_MATCH
461,"Today, Handled confidential student records during Prescription Records.",Prescription Records,51,71,CLERICAL_TERM,AUTO_MATCH
462,"In the morning, Refactored legacy code modules and migrated the system to System Design.",System Design,74,87,IT_TERM,AUTO_MATCH
463,"In the morning, Automated our daily build and deployment pipeline using System Development.",System Development,72,90,IT_TERM,AUTO_MATCH
464,Cross-checked incoming department requests as part of Field Activity.,Field Activity,54,68,CLERICAL_TERM,AUTO_MATCH
465,"Today, Troubleshot network connectivity and configuration errors in Windows Server.",Windows Server,68,82,IT_TERM,AUTO_MATCH
466,"This week, Designed the database schema and executed migrations using Database Storage.",Database Storage,70,86,IT_TERM,AUTO_MATCH
467,"This week, Monitored server resource utilization and optimized Code Refactoring queries.",Code Refactoring,63,79,IT_TERM,AUTO_MATCH
468,"As assigned, Compiled weekly department statistics and created charts for Medicine Sachets.",Medicine Sachets,74,90,CLERICAL_TERM,AUTO_MATCH
469,Had a quick alignment call with the project mentor to review weekly objectives.,[NO_ENTITY],-1,-1,NONE,AUTO_NEGATIVE
470,"Today, Conducted automated unit testing and performance benchmarks on Visual Design.",Visual Design,70,83,IT_TERM,AUTO_MATCH
471,"Organized file cabinets, categorized binders, and conducted Medicine Distribution.",Medicine Distribution,60,81,CLERICAL_TERM,AUTO_MATCH
472,"Afterwards, Took detailed personal notes during the department town hall assembly.",[NO_ENTITY],-1,-1,NONE,AUTO_NEGATIVE
473,"During my shift, Submitted the finalized documentation package required for Nutrition Activities.",Nutrition Activities,76,96,CLERICAL_TERM,AUTO_MATCH
474,"This week, Designed the database schema and executed migrations using Jira.",Jira,70,74,IT_TERM,AUTO_MATCH
475,"This week, Researched modern architectural best practices involving Application Development.",Application Development,68,91,IT_TERM,AUTO_MATCH
476,Worked on backend API services and integrated System Development for persistent storage.,System Development,46,64,IT_TERM,AUTO_MATCH
477,"In the afternoon, Distributed printed handouts and supported the team during Workplace Organization.",Workplace Organization,77,99,CLERICAL_TERM,AUTO_MATCH
478,"Today, Automated our daily build and deployment pipeline using Kubernetes.",Kubernetes,63,73,IT_TERM,AUTO_MATCH
479,"This week, Refactored legacy code modules and migrated the system to Oracle Database.",Oracle Database,69,84,IT_TERM,AUTO_MATCH
480,"On Thursday, Participated in the company-wide orientation regarding workplace ethics and rules.",[NO_ENTITY],-1,-1,NONE,AUTO_NEGATIVE
481,"Early in the day, Took detailed personal notes during the department town hall assembly.",[NO_ENTITY],-1,-1,NONE,AUTO_NEGATIVE
482,"In the morning, Installed necessary security patches and updated the Merge Conflict dependency.",Merge Conflict,69,83,IT_TERM,AUTO_MATCH
483,Prepared the required paperwork and verified attachments for File Organization.,File Organization,61,78,CLERICAL_TERM,AUTO_MATCH
484,"Today, Assisted the administrative supervisor with daily Student Records.",Student Records,57,72,CLERICAL_TERM,AUTO_MATCH
485,Maintained office order and coordinated department logistics through Data Consolidation.,Data Consolidation,69,87,CLERICAL_TERM,AUTO_MATCH
486,"As assigned, Facilitated document routing and tracked outgoing mail for Patient Records.",Patient Records,72,87,CLERICAL_TERM,AUTO_MATCH
487,"On Thursday, Took a short lunch break with fellow student interns at the company cafeteria.",[NO_ENTITY],-1,-1,NONE,AUTO_NEGATIVE
488,"In the afternoon, Completed the assigned weekly tasks regarding BNS Meeting on schedule.",BNS Meeting,64,75,CLERICAL_TERM,AUTO_MATCH
489,"This week, Wrote clean, maintainable microservice code in Computer Assembly under supervision.",Computer Assembly,58,75,IT_TERM,AUTO_MATCH
490,"On Thursday, Listened to a presentation given by the department head on strategic objectives.",[NO_ENTITY],-1,-1,NONE,AUTO_NEGATIVE
491,"Organized file cabinets, categorized binders, and conducted Data Verification.",Data Verification,60,77,CLERICAL_TERM,AUTO_MATCH
492,"In the afternoon, Handled confidential student records during Name Labels.",Name Labels,62,73,CLERICAL_TERM,AUTO_MATCH
493,"For my primary task, Installed necessary security patches and updated the JavaScript dependency.",JavaScript,74,84,IT_TERM,AUTO_MATCH
494,"For my primary task, Troubleshot network connectivity and configuration errors in UI Components.",UI Components,82,95,IT_TERM,AUTO_MATCH
495,"Today, Cross-checked incoming department requests as part of Barangay Coordination.",Barangay Coordination,61,82,CLERICAL_TERM,AUTO_MATCH
496,"In the morning, Implemented background asynchronous task workers using Server Settings.",Server Settings,71,86,IT_TERM,AUTO_MATCH
497,Facilitated document routing and tracked outgoing mail for Incoming Documents.,Incoming Documents,59,77,CLERICAL_TERM,AUTO_MATCH
498,"This week, Monitored server resource utilization and optimized MySQL queries.",MySQL,63,68,IT_TERM,AUTO_MATCH
499,"In the afternoon, Assisted the administrative supervisor with daily Savings Accounts.",Savings Accounts,68,84,CLERICAL_TERM,AUTO_MATCH
500,"This week, Troubleshot network connectivity and configuration errors in Git.",Git,72,75,IT_TERM,AUTO_MATCH
501,"In the afternoon, Prepared the required paperwork and verified attachments for Meeting Transcription.",Meeting Transcription,79,100,CLERICAL_TERM,AUTO_MATCH
502,"First, Took detailed personal notes during the department town hall assembly.",[NO_ENTITY],-1,-1,NONE,AUTO_NEGATIVE
503,"First, Participated in an open discussion regarding team workflow enhancements.",[NO_ENTITY],-1,-1,NONE,AUTO_NEGATIVE
504,"First, Helped a colleague locate the designated conference room on the third floor.",[NO_ENTITY],-1,-1,NONE,AUTO_NEGATIVE
505,"In the afternoon, Organized file cabinets, categorized binders, and conducted Stock Records.",Stock Records,78,91,CLERICAL_TERM,AUTO_MATCH
506,Took a short lunch break with fellow student interns at the company cafeteria.,[NO_ENTITY],-1,-1,NONE,AUTO_NEGATIVE
507,"Today, Drafted official correspondence and summarized notes for Event Coordination.",Event Coordination,64,82,CLERICAL_TERM,AUTO_MATCH
508,Participated in an open discussion regarding team workflow enhancements.,[NO_ENTITY],-1,-1,NONE,AUTO_NEGATIVE
509,"During my shift, Maintained office order and coordinated department logistics through Medicine Distribution.",Medicine Distribution,86,107,CLERICAL_TERM,AUTO_MATCH
510,Handled confidential student records during Promotional Materials.,Promotional Materials,44,65,CLERICAL_TERM,AUTO_MATCH
511,"In the afternoon, Organized file cabinets, categorized binders, and conducted Document Preparation.",Document Preparation,78,98,CLERICAL_TERM,AUTO_MATCH
512,"Today, Handled confidential student records during Certificate Release.",Certificate Release,51,70,CLERICAL_TERM,AUTO_MATCH
513,Managed physical inventory counts and logged discrepancies during BNS Meeting.,BNS Meeting,66,77,CLERICAL_TERM,AUTO_MATCH
514,"Today, Configured the development environment and set up Data Management.",Data Management,57,72,IT_TERM,AUTO_MATCH
515,"This week, Installed necessary security patches and updated the Microsoft Excel dependency.",Microsoft Excel,64,79,IT_TERM,AUTO_MATCH
516,"For my primary task, Installed necessary security patches and updated the Template Design dependency.",Template Design,74,89,IT_TERM,AUTO_MATCH
517,"In the afternoon, Distributed printed handouts and supported the team during Scanning Documents.",Scanning Documents,77,95,CLERICAL_TERM,AUTO_MATCH
518,Took a short lunch break with fellow student interns at the company cafeteria.,[NO_ENTITY],-1,-1,NONE,AUTO_NEGATIVE
519,Assisted our senior engineer in deploying our application using Code Refactoring.,Code Refactoring,64,80,IT_TERM,AUTO_MATCH
520,"Today, Created comprehensive documentation and guidelines for System Modules usage.",System Modules,62,76,IT_TERM,AUTO_MATCH
521,"First, Took a short lunch break with fellow student interns at the company cafeteria.",[NO_ENTITY],-1,-1,NONE,AUTO_NEGATIVE
522,"During my shift, Reviewed transaction logs and audited files as part of Awarding Ceremony.",Awarding Ceremony,72,89,CLERICAL_TERM,AUTO_MATCH
523,"In the morning, Collaborated with the infrastructure team to configure System Encryption.",System Encryption,71,88,IT_TERM,AUTO_MATCH
524,Worked on backend API services and integrated Git Branches for persistent storage.,Git Branches,46,58,IT_TERM,AUTO_MATCH
525,"For my primary task, Created comprehensive documentation and guidelines for Figma Prototype usage.",Figma Prototype,76,91,IT_TERM,AUTO_MATCH
526,"Today, Conducted automated unit testing and performance benchmarks on System Interface.",System Interface,70,86,IT_TERM,AUTO_MATCH
527,"Early in the day, Attended the morning standup meeting with the supervisor to discuss daily goals.",[NO_ENTITY],-1,-1,NONE,AUTO_NEGATIVE
528,"In the morning, Resolved an unexpected crash in production by debugging our Printer Installation service.",Printer Installation,76,96,IT_TERM,AUTO_MATCH
529,"In the afternoon, Encoded information accurately into the office registry during Exit Clearance Forms.",Exit Clearance Forms,81,101,CLERICAL_TERM,AUTO_MATCH
530,Cross-checked incoming department requests as part of Document Processing.,Document Processing,54,73,CLERICAL_TERM,AUTO_MATCH
531,Completed the assigned weekly tasks regarding Meeting Transcription on schedule.,Meeting Transcription,46,67,CLERICAL_TERM,AUTO_MATCH
532,"In the morning, Installed necessary security patches and updated the System Maintenance dependency.",System Maintenance,69,87,IT_TERM,AUTO_MATCH
533,"This week, Conducted automated unit testing and performance benchmarks on TypeScript.",TypeScript,74,84,IT_TERM,AUTO_MATCH
534,"For my primary task, Implemented secure authentication and access controls in Scrum.",Scrum,78,83,IT_TERM,AUTO_MATCH
535,"Today, Distributed printed handouts and supported the team during Shares Accounts.",Shares Accounts,66,81,CLERICAL_TERM,AUTO_MATCH
536,"In the afternoon, Cross-checked incoming department requests as part of Financial Records.",Financial Records,72,89,CLERICAL_TERM,AUTO_MATCH
537,"During my shift, Compiled weekly department statistics and created charts for Contact Details.",Contact Details,78,93,CLERICAL_TERM,AUTO_MATCH
538,"For my primary task, Implemented secure authentication and access controls in GitHub Workflow.",GitHub Workflow,78,93,IT_TERM,AUTO_MATCH
539,Reviewed transaction logs and audited files as part of Clearance Forms.,Clearance Forms,55,70,CLERICAL_TERM,AUTO_MATCH
540,"Today, Completed the assigned weekly tasks regarding Document Forwarding on schedule.",Document Forwarding,53,72,CLERICAL_TERM,AUTO_MATCH
541,"During my shift, Encoded information accurately into the office registry during Document Stamping.",Document Stamping,80,97,CLERICAL_TERM,AUTO_MATCH
542,Facilitated document routing and tracked outgoing mail for Folder Organization.,Folder Organization,59,78,CLERICAL_TERM,AUTO_MATCH
543,"Early in the day, Greeted visitors at the entrance and escorted them to the conference room.",[NO_ENTITY],-1,-1,NONE,AUTO_NEGATIVE
544,"On Thursday, Discussed project deadlines and milestone expectations during the afternoon huddle.",[NO_ENTITY],-1,-1,NONE,AUTO_NEGATIVE
545,"Today, Installed necessary security patches and updated the Database Seeder dependency.",Database Seeder,60,75,IT_TERM,AUTO_MATCH
546,"In the morning, Configured the development environment and set up Angular.",Angular,66,73,IT_TERM,AUTO_MATCH
547,"In the afternoon, Distributed printed handouts and supported the team during Inventory Organization.",Inventory Organization,77,99,CLERICAL_TERM,AUTO_MATCH
548,"On Thursday, Discussed project deadlines and milestone expectations during the afternoon huddle.",[NO_ENTITY],-1,-1,NONE,AUTO_NEGATIVE
549,"This week, Installed necessary security patches and updated the Production Deployment dependency.",Production Deployment,64,85,IT_TERM,AUTO_MATCH
550,Drafted official correspondence and summarized notes for Physical Files.,Physical Files,57,71,CLERICAL_TERM,AUTO_MATCH
551,"This week, Worked on backend API services and integrated Dashboard Interface for persistent storage.",Dashboard Interface,57,76,IT_TERM,AUTO_MATCH
552,"As assigned, Printed, stamped, and organized physical documents for Data Correction.",Data Correction,68,83,CLERICAL_TERM,AUTO_MATCH
553,Handled confidential student records during Materials Preparation.,Materials Preparation,44,65,CLERICAL_TERM,AUTO_MATCH
554,"Today, Created an interactive user interface component with System Modules.",System Modules,60,74,IT_TERM,AUTO_MATCH
555,"In the morning, Refactored legacy code modules and migrated the system to Facebook Posting.",Facebook Posting,74,90,IT_TERM,AUTO_MATCH
556,"In the morning, Automated our daily build and deployment pipeline using Oracle Database.",Oracle Database,72,87,IT_TERM,AUTO_MATCH
557,"As assigned, Handled confidential student records during Community Outreach.",Community Outreach,57,75,CLERICAL_TERM,AUTO_MATCH
558,"In the morning, Refactored legacy code modules and migrated the system to Hardware Repair.",Hardware Repair,74,89,IT_TERM,AUTO_MATCH
559,"In the morning, Researched modern architectural best practices involving Tarpaulin Design.",Tarpaulin Design,73,89,IT_TERM,AUTO_MATCH
560,"As assigned, Prepared the required paperwork and verified attachments for Nutrition Counseling.",Nutrition Counseling,74,94,CLERICAL_TERM,AUTO_MATCH
561,Created an interactive user interface component with GeoJSON.,GeoJSON,53,60,IT_TERM,AUTO_MATCH
562,"In the morning, Monitored server resource utilization and optimized Printer Installation queries.",Printer Installation,68,88,IT_TERM,AUTO_MATCH
563,"During my shift, Printed, stamped, and organized physical documents for Barangay Coordination.",Barangay Coordination,72,93,CLERICAL_TERM,AUTO_MATCH
564,"Wrote clean, maintainable microservice code in UI Design under supervision.",UI Design,47,56,IT_TERM,AUTO_MATCH
565,Attended the farewell gathering for the departing senior supervisor.,[NO_ENTITY],-1,-1,NONE,AUTO_NEGATIVE
566,"In the afternoon, Prepared the required paperwork and verified attachments for Data Verification.",Data Verification,79,96,CLERICAL_TERM,AUTO_MATCH
567,"In the morning, Troubleshot network connectivity and configuration errors in Brochure Design.",Brochure Design,77,92,IT_TERM,AUTO_MATCH
568,"Wrote clean, maintainable microservice code in System Planning under supervision.",System Planning,47,62,IT_TERM,AUTO_MATCH
569,Encoded information accurately into the office registry during Document Arrangement.,Document Arrangement,63,83,CLERICAL_TERM,AUTO_MATCH
570,"This week, Automated our daily build and deployment pipeline using Role Assignment.",Role Assignment,67,82,IT_TERM,AUTO_MATCH
571,"For my primary task, Automated our daily build and deployment pipeline using Printer Installation.",Printer Installation,77,97,IT_TERM,AUTO_MATCH
572,"During my shift, Submitted the finalized documentation package required for Document Processing.",Document Processing,76,95,CLERICAL_TERM,AUTO_MATCH
573,"Afterwards, Had a quick alignment call with the project mentor to review weekly objectives.",[NO_ENTITY],-1,-1,NONE,AUTO_NEGATIVE
574,"This week, Resolved an unexpected crash in production by debugging our File Management service.",File Management,71,86,IT_TERM,AUTO_MATCH
575,"During my shift, Assisted the administrative supervisor with daily File Arrangement.",File Arrangement,67,83,CLERICAL_TERM,AUTO_MATCH
576,Refactored legacy code modules and migrated the system to Identification Card Design.,Identification Card Design,58,84,IT_TERM,AUTO_MATCH
577,"In the morning, Created an interactive user interface component with Data Encoding.",Data Encoding,69,82,IT_TERM,AUTO_MATCH
578,"Today, Facilitated document routing and tracked outgoing mail for Workplace Organization.",Workplace Organization,66,88,CLERICAL_TERM,AUTO_MATCH
579,Designed the database schema and executed migrations using Hosting Environment.,Hosting Environment,59,78,IT_TERM,AUTO_MATCH
580,"Afterwards, Greeted visitors at the entrance and escorted them to the conference room.",[NO_ENTITY],-1,-1,NONE,AUTO_NEGATIVE
581,"Today, Printed, stamped, and organized physical documents for Medicine Labeling.",Medicine Labeling,62,79,CLERICAL_TERM,AUTO_MATCH
582,"During my shift, Cross-checked incoming department requests as part of Resource Management.",Resource Management,71,90,CLERICAL_TERM,AUTO_MATCH
583,Installed necessary security patches and updated the Database Schema dependency.,Database Schema,53,68,IT_TERM,AUTO_MATCH
584,Cross-checked incoming department requests as part of Audit Preparation.,Audit Preparation,54,71,CLERICAL_TERM,AUTO_MATCH
585,Helped a colleague locate the designated conference room on the third floor.,[NO_ENTITY],-1,-1,NONE,AUTO_NEGATIVE
586,"In the afternoon, Maintained office order and coordinated department logistics through Medicine Sachets.",Medicine Sachets,87,103,CLERICAL_TERM,AUTO_MATCH
587,"In the afternoon, Handled confidential student records during File Labels.",File Labels,62,73,CLERICAL_TERM,AUTO_MATCH
588,"In the morning, Attended a technical workshop on best practices for Postman.",Postman,68,75,IT_TERM,AUTO_MATCH
589,"As assigned, Managed physical inventory counts and logged discrepancies during Document Delivery.",Document Delivery,79,96,CLERICAL_TERM,AUTO_MATCH
590,"Today, Attended a technical workshop on best practices for File Conversion.",File Conversion,59,74,IT_TERM,AUTO_MATCH
591,"As assigned, Reviewed transaction logs and audited files as part of Event Coordination.",Event Coordination,68,86,CLERICAL_TERM,AUTO_MATCH
592,"Today, Printed, stamped, and organized physical documents for File Cabinets.",File Cabinets,62,75,CLERICAL_TERM,AUTO_MATCH
593,"For my primary task, Troubleshot network connectivity and configuration errors in Schema Backup.",Schema Backup,82,95,IT_TERM,AUTO_MATCH
594,"Afterwards, Signed the visitor logbook and collected the guest identification badges.",[NO_ENTITY],-1,-1,NONE,AUTO_NEGATIVE
595,"In the morning, Implemented secure authentication and access controls in System Debugging.",System Debugging,73,89,IT_TERM,AUTO_MATCH
596,"In the morning, Designed the database schema and executed migrations using AI Chatbot.",AI Chatbot,75,85,IT_TERM,AUTO_MATCH
597,"Today, Cross-checked incoming department requests as part of Data Correction.",Data Correction,61,76,CLERICAL_TERM,AUTO_MATCH
598,"Today, Maintained office order and coordinated department logistics through Client Satisfaction Survey.",Client Satisfaction Survey,76,102,CLERICAL_TERM,AUTO_MATCH
599,"In the afternoon, Assisted staff members and visitors with inquiries regarding Certificate Distribution.",Certificate Distribution,79,103,CLERICAL_TERM,AUTO_MATCH
600,"For my primary task, Created comprehensive documentation and guidelines for Computer Hardware Maintenance usage.",Computer Hardware Maintenance,76,105,IT_TERM,AUTO_MATCH
601,Created an interactive user interface component with Flask.,Flask,53,58,IT_TERM,AUTO_MATCH
602,"On Thursday, Took a short lunch break with fellow student interns at the company cafeteria.",[NO_ENTITY],-1,-1,NONE,AUTO_NEGATIVE
603,"During my shift, Distributed printed handouts and supported the team during Public Notices.",Public Notices,76,90,CLERICAL_TERM,AUTO_MATCH
604,"For my primary task, Configured the development environment and set up Data Calculation.",Data Calculation,71,87,IT_TERM,AUTO_MATCH
605,"Early in the day, Arrived at the office on time and logged in to the biometric attendance machine.",[NO_ENTITY],-1,-1,NONE,AUTO_NEGATIVE
606,Handled confidential student records during Office Documentation.,Office Documentation,44,64,CLERICAL_TERM,AUTO_MATCH
607,"In the afternoon, Compiled weekly department statistics and created charts for Data Recording.",Data Recording,79,93,CLERICAL_TERM,AUTO_MATCH
608,"Today, Configured the development environment and set up TypeScript.",TypeScript,57,67,IT_TERM,AUTO_MATCH
609,"As assigned, Printed, stamped, and organized physical documents for Training Activities.",Training Activities,68,87,CLERICAL_TERM,AUTO_MATCH
610,"This week, Refactored legacy code modules and migrated the system to Printer Driver.",Printer Driver,69,83,IT_TERM,AUTO_MATCH
611,Attended a technical workshop on best practices for System Encryption.,System Encryption,52,69,IT_TERM,AUTO_MATCH
612,"Today, Maintained office order and coordinated department logistics through Community Coordination.",Community Coordination,76,98,CLERICAL_TERM,AUTO_MATCH
613,"In the afternoon, Reviewed transaction logs and audited files as part of File Checking.",File Checking,73,86,CLERICAL_TERM,AUTO_MATCH
614,Cleaned the intern workstation and organized desk accessories before logging out.,[NO_ENTITY],-1,-1,NONE,AUTO_NEGATIVE
615,"For my primary task, Worked on backend API services and integrated Inquiry System for persistent storage.",Inquiry System,67,81,IT_TERM,AUTO_MATCH
616,"Today, Prepared the required paperwork and verified attachments for Event Preparation.",Event Preparation,68,85,CLERICAL_TERM,AUTO_MATCH
617,"In the morning, Worked on backend API services and integrated Code Debugging for persistent storage.",Code Debugging,62,76,IT_TERM,AUTO_MATCH
618,"For my primary task, Monitored server resource utilization and optimized Hardware Repair queries.",Hardware Repair,73,88,IT_TERM,AUTO_MATCH
619,"As assigned, Assisted the administrative supervisor with daily Barangay Coordination.",Barangay Coordination,63,84,CLERICAL_TERM,AUTO_MATCH
620,"First, Attended the farewell gathering for the departing senior supervisor.",[NO_ENTITY],-1,-1,NONE,AUTO_NEGATIVE
621,"In the afternoon, Completed the assigned weekly tasks regarding Nutrition Counseling on schedule.",Nutrition Counseling,64,84,CLERICAL_TERM,AUTO_MATCH
622,"In the afternoon, Facilitated document routing and tracked outgoing mail for Information Updating.",Information Updating,77,97,CLERICAL_TERM,AUTO_MATCH
623,Cleaned the intern workstation and organized desk accessories before logging out.,[NO_ENTITY],-1,-1,NONE,AUTO_NEGATIVE
624,"First, Took detailed personal notes during the department town hall assembly.",[NO_ENTITY],-1,-1,NONE,AUTO_NEGATIVE
625,"As assigned, Verified signatures and filed department clearance forms during Exit Clearance Forms.",Exit Clearance Forms,77,97,CLERICAL_TERM,AUTO_MATCH
626,"This week, Conducted automated unit testing and performance benchmarks on Linux.",Linux,74,79,IT_TERM,AUTO_MATCH
627,"Early in the day, Took detailed personal notes during the department town hall assembly.",[NO_ENTITY],-1,-1,NONE,AUTO_NEGATIVE
628,"This week, Assisted our senior engineer in deploying our application using Flutter.",Flutter,75,82,IT_TERM,AUTO_MATCH
629,Implemented background asynchronous task workers using File Conversion.,File Conversion,55,70,IT_TERM,AUTO_MATCH
630,"In the morning, Created an interactive user interface component with Data Validation.",Data Validation,69,84,IT_TERM,AUTO_MATCH
631,"During my shift, Compiled weekly department statistics and created charts for Shares Accounts.",Shares Accounts,78,93,CLERICAL_TERM,AUTO_MATCH
632,Implemented secure authentication and access controls in Database Queries.,Database Queries,57,73,IT_TERM,AUTO_MATCH
633,Managed physical inventory counts and logged discrepancies during Presentation Materials.,Presentation Materials,66,88,CLERICAL_TERM,AUTO_MATCH
634,"In the morning, Installed necessary security patches and updated the Gemini API dependency.",Gemini API,69,79,IT_TERM,AUTO_MATCH
635,"Today, Researched modern architectural best practices involving Spatie.",Spatie,64,70,IT_TERM,AUTO_MATCH
636,"Today, Drafted official correspondence and summarized notes for Records Office.",Records Office,64,78,CLERICAL_TERM,AUTO_MATCH
637,"On Thursday, Participated in the company-wide orientation regarding workplace ethics and rules.",[NO_ENTITY],-1,-1,NONE,AUTO_NEGATIVE
638,"First, Checked my work email inbox and responded to routine greeting messages.",[NO_ENTITY],-1,-1,NONE,AUTO_NEGATIVE
639,"In the morning, Monitored server resource utilization and optimized GitHub queries.",GitHub,68,74,IT_TERM,AUTO_MATCH
640,Assisted the administrative supervisor with daily Meeting Materials.,Meeting Materials,50,67,CLERICAL_TERM,AUTO_MATCH
641,"Afterwards, Submitted the bi-weekly intern time log sheet to the human resource assistant.",[NO_ENTITY],-1,-1,NONE,AUTO_NEGATIVE
642,"First, Attended the farewell gathering for the departing senior supervisor.",[NO_ENTITY],-1,-1,NONE,AUTO_NEGATIVE
643,"As assigned, Maintained office order and coordinated department logistics through Form Distribution.",Form Distribution,82,99,CLERICAL_TERM,AUTO_MATCH
644,"Today, Assisted our senior engineer in deploying our application using Hardware Assembly.",Hardware Assembly,71,88,IT_TERM,AUTO_MATCH
645,"Today, Completed the assigned weekly tasks regarding Stock Records on schedule.",Stock Records,53,66,CLERICAL_TERM,AUTO_MATCH
646,"In the morning, Installed necessary security patches and updated the Application Management dependency.",Application Management,69,91,IT_TERM,AUTO_MATCH
647,"First, Attended the farewell gathering for the departing senior supervisor.",[NO_ENTITY],-1,-1,NONE,AUTO_NEGATIVE
648,"In the afternoon, Verified signatures and filed department clearance forms during Document Delivery.",Document Delivery,82,99,CLERICAL_TERM,AUTO_MATCH
649,"Today, Created an interactive user interface component with GraphQL.",GraphQL,60,67,IT_TERM,AUTO_MATCH
650,"Today, Assisted our senior engineer in deploying our application using Family Profiling Application.",Family Profiling Application,71,99,IT_TERM,AUTO_MATCH
651,Implemented background asynchronous task workers using Landing Page.,Landing Page,55,67,IT_TERM,AUTO_MATCH
652,"In the afternoon, Facilitated document routing and tracked outgoing mail for Patient Assistance.",Patient Assistance,77,95,CLERICAL_TERM,AUTO_MATCH
653,"This week, Created an interactive user interface component with Server Settings.",Server Settings,64,79,IT_TERM,AUTO_MATCH
654,"In the morning, Implemented secure authentication and access controls in File Conversion.",File Conversion,73,88,IT_TERM,AUTO_MATCH
655,Configured the development environment and set up Layout Design.,Layout Design,50,63,IT_TERM,AUTO_MATCH
656,"Today, I developed a web application feature using Printer Troubleshooting.",Printer Troubleshooting,51,74,IT_TERM,AUTO_MATCH
657,"In the morning, Implemented secure authentication and access controls in Error Handling.",Error Handling,73,87,IT_TERM,AUTO_MATCH
658,Implemented background asynchronous task workers using PHP.,PHP,55,58,IT_TERM,AUTO_MATCH
659,"As assigned, Completed the assigned weekly tasks regarding Community Outreach on schedule.",Community Outreach,59,77,CLERICAL_TERM,AUTO_MATCH
660,Discussed project deadlines and milestone expectations during the afternoon huddle.,[NO_ENTITY],-1,-1,NONE,AUTO_NEGATIVE
661,"In the morning, Worked on backend API services and integrated Geospatial Tracking for persistent storage.",Geospatial Tracking,62,81,IT_TERM,AUTO_MATCH
662,Created an interactive user interface component with Rate Limiting.,Rate Limiting,53,66,IT_TERM,AUTO_MATCH
663,"First, Organized notebook notes and planned personal task priorities for tomorrow morning.",[NO_ENTITY],-1,-1,NONE,AUTO_NEGATIVE
664,Troubleshot network connectivity and configuration errors in Password Reset.,Password Reset,61,75,IT_TERM,AUTO_MATCH
665,"Early in the day, Helped a colleague locate the designated conference room on the third floor.",[NO_ENTITY],-1,-1,NONE,AUTO_NEGATIVE
666,"Early in the day, Had a quick alignment call with the project mentor to review weekly objectives.",[NO_ENTITY],-1,-1,NONE,AUTO_NEGATIVE
667,"As assigned, Printed, stamped, and organized physical documents for Beneficiary Records.",Beneficiary Records,68,87,CLERICAL_TERM,AUTO_MATCH
668,"In the afternoon, Distributed printed handouts and supported the team during Ticket Serial Numbers.",Ticket Serial Numbers,77,98,CLERICAL_TERM,AUTO_MATCH
669,"Today, Facilitated document routing and tracked outgoing mail for File Cabinets.",File Cabinets,66,79,CLERICAL_TERM,AUTO_MATCH
670,"First, Submitted the bi-weekly intern time log sheet to the human resource assistant.",[NO_ENTITY],-1,-1,NONE,AUTO_NEGATIVE
671,"During my shift, Maintained office order and coordinated department logistics through Certificate Recognition.",Certificate Recognition,86,109,CLERICAL_TERM,AUTO_MATCH
672,"As assigned, Prepared the required paperwork and verified attachments for Materials Preparation.",Materials Preparation,74,95,CLERICAL_TERM,AUTO_MATCH
673,"In the afternoon, Printed, stamped, and organized physical documents for Document Forwarding.",Document Forwarding,73,92,CLERICAL_TERM,AUTO_MATCH
674,"For my primary task, Installed necessary security patches and updated the Jenkins dependency.",Jenkins,74,81,IT_TERM,AUTO_MATCH
675,"Today, Monitored server resource utilization and optimized Digital File Management queries.",Digital File Management,59,82,IT_TERM,AUTO_MATCH
676,"For my primary task, Created comprehensive documentation and guidelines for Production Deployment usage.",Production Deployment,76,97,IT_TERM,AUTO_MATCH
677,"In the afternoon, Prepared the required paperwork and verified attachments for Office Coordination.",Office Coordination,79,98,CLERICAL_TERM,AUTO_MATCH
678,"Today, Resolved an unexpected crash in production by debugging our API Endpoints service.",API Endpoints,67,80,IT_TERM,AUTO_MATCH
679,"Today, Verified signatures and filed department clearance forms during OPT Plus.",OPT Plus,71,79,CLERICAL_TERM,AUTO_MATCH
680,"During my shift, Handled confidential student records during Data Verification.",Data Verification,61,78,CLERICAL_TERM,AUTO_MATCH
681,"Early in the day, Arrived at the office on time and logged in to the biometric attendance machine.",[NO_ENTITY],-1,-1,NONE,AUTO_NEGATIVE
682,"During my shift, Organized file cabinets, categorized binders, and conducted Insurance Details.",Insurance Details,77,94,CLERICAL_TERM,AUTO_MATCH
683,"For my primary task, Configured the development environment and set up PostgreSQL.",PostgreSQL,71,81,IT_TERM,AUTO_MATCH
684,"Today, Conducted automated unit testing and performance benchmarks on Certificate Design.",Certificate Design,70,88,IT_TERM,AUTO_MATCH
685,"In the morning, Attended a technical workshop on best practices for Git Commits.",Git Commits,68,79,IT_TERM,AUTO_MATCH
686,"Today, Distributed printed handouts and supported the team during Client Assistance.",Client Assistance,66,83,CLERICAL_TERM,AUTO_MATCH
687,"Afterwards, Waited for feedback from the team lead before proceeding with the next assignment.",[NO_ENTITY],-1,-1,NONE,AUTO_NEGATIVE
688,"Afterwards, Signed the visitor logbook and collected the guest identification badges.",[NO_ENTITY],-1,-1,NONE,AUTO_NEGATIVE
689,"During my shift, Handled confidential student records during ID Distribution.",ID Distribution,61,76,CLERICAL_TERM,AUTO_MATCH
690,"First, Attended the farewell gathering for the departing senior supervisor.",[NO_ENTITY],-1,-1,NONE,AUTO_NEGATIVE
691,"In the afternoon, Handled confidential student records during Medicine Refill.",Medicine Refill,62,77,CLERICAL_TERM,AUTO_MATCH
692,"As assigned, Completed the assigned weekly tasks regarding File Filing on schedule.",File Filing,59,70,CLERICAL_TERM,AUTO_MATCH
693,"Today, Verified signatures and filed department clearance forms during Document Labeling.",Document Labeling,71,88,CLERICAL_TERM,AUTO_MATCH
694,"Today, Installed necessary security patches and updated the Web Server dependency.",Web Server,60,70,IT_TERM,AUTO_MATCH
695,"This week, Installed necessary security patches and updated the Network Troubleshooting dependency.",Network Troubleshooting,64,87,IT_TERM,AUTO_MATCH
696,"For my primary task, Attended a technical workshop on best practices for PC Assembly.",PC Assembly,73,84,IT_TERM,AUTO_MATCH
697,"Today, Maintained office order and coordinated department logistics through Document Editing.",Document Editing,76,92,CLERICAL_TERM,AUTO_MATCH
698,"Today, Facilitated document routing and tracked outgoing mail for Scanning Documents.",Scanning Documents,66,84,CLERICAL_TERM,AUTO_MATCH
699,Submitted the bi-weekly intern time log sheet to the human resource assistant.,[NO_ENTITY],-1,-1,NONE,AUTO_NEGATIVE
700,I developed a web application feature using Digital File Management.,Digital File Management,44,67,IT_TERM,AUTO_MATCH
701,"During my shift, Managed physical inventory counts and logged discrepancies during Research Activities.",Research Activities,83,102,CLERICAL_TERM,AUTO_MATCH
702,"This week, I developed a web application feature using Livewire.",Livewire,55,63,IT_TERM,AUTO_MATCH
703,"Today, Automated our daily build and deployment pipeline using Hosting Environment.",Hosting Environment,63,82,IT_TERM,AUTO_MATCH
704,"Today, Reviewed transaction logs and audited files as part of Medicine Refill.",Medicine Refill,62,77,CLERICAL_TERM,AUTO_MATCH
705,"As assigned, Completed the assigned weekly tasks regarding Workspace Organization on schedule.",Workspace Organization,59,81,CLERICAL_TERM,AUTO_MATCH
706,"In the morning, Automated our daily build and deployment pipeline using Machine Learning.",Machine Learning,72,88,IT_TERM,AUTO_MATCH
707,"This week, Attended a technical workshop on best practices for Google Cloud Platform.",Google Cloud Platform,63,84,IT_TERM,AUTO_MATCH
708,"In the afternoon, Assisted staff members and visitors with inquiries regarding Prescription Records.",Prescription Records,79,99,CLERICAL_TERM,AUTO_MATCH
709,Researched modern architectural best practices involving Application Management.,Application Management,57,79,IT_TERM,AUTO_MATCH
710,"For my primary task, Created comprehensive documentation and guidelines for Computer Support usage.",Computer Support,76,92,IT_TERM,AUTO_MATCH
711,Drafted official correspondence and summarized notes for Ticket Serial Numbers.,Ticket Serial Numbers,57,78,CLERICAL_TERM,AUTO_MATCH
712,Implemented secure authentication and access controls in Adobe Photoshop.,Adobe Photoshop,57,72,IT_TERM,AUTO_MATCH
713,"Afterwards, Attended the morning standup meeting with the supervisor to discuss daily goals.",[NO_ENTITY],-1,-1,NONE,AUTO_NEGATIVE
714,"During my shift, Compiled weekly department statistics and created charts for Financial Transactions.",Financial Transactions,78,100,CLERICAL_TERM,AUTO_MATCH
715,"For my primary task, Implemented secure authentication and access controls in Capstone Study.",Capstone Study,78,92,IT_TERM,AUTO_MATCH
716,"For my primary task, Worked on backend API services and integrated Database Seeder for persistent storage.",Database Seeder,67,82,IT_TERM,AUTO_MATCH
717,"Today, Reviewed transaction logs and audited files as part of ID Release.",ID Release,62,72,CLERICAL_TERM,AUTO_MATCH
718,Cleaned the intern workstation and organized desk accessories before logging out.,[NO_ENTITY],-1,-1,NONE,AUTO_NEGATIVE
719,"In the morning, Created an interactive user interface component with Java.",Java,69,73,IT_TERM,AUTO_MATCH
720,"During my shift, Handled confidential student records during Student Records.",student records,38,53,CLERICAL_TERM,AUTO_MATCH
720,"During my shift, Handled confidential student records during Student Records.",Student Records,61,76,CLERICAL_TERM,AUTO_MATCH
721,"In the morning, Installed necessary security patches and updated the Responsive Design dependency.",Responsive Design,69,86,IT_TERM,AUTO_MATCH
722,"Printed, stamped, and organized physical documents for Certificate Recognition.",Certificate Recognition,55,78,CLERICAL_TERM,AUTO_MATCH
723,"In the afternoon, Completed the assigned weekly tasks regarding Account Balances on schedule.",Account Balances,64,80,CLERICAL_TERM,AUTO_MATCH
724,"During my shift, Compiled weekly department statistics and created charts for Savings Accounts.",Savings Accounts,78,94,CLERICAL_TERM,AUTO_MATCH
725,"As assigned, Cross-checked incoming department requests as part of PhilHealth Eligibility.",PhilHealth Eligibility,67,89,CLERICAL_TERM,AUTO_MATCH
726,"In the afternoon, Verified signatures and filed department clearance forms during Medicine Distribution.",Medicine Distribution,82,103,CLERICAL_TERM,AUTO_MATCH
727,Implemented background asynchronous task workers using Jira.,Jira,55,59,IT_TERM,AUTO_MATCH
728,"On Thursday, Greeted visitors at the entrance and escorted them to the conference room.",[NO_ENTITY],-1,-1,NONE,AUTO_NEGATIVE
729,"Today, Installed necessary security patches and updated the Hardware Troubleshooting dependency.",Hardware Troubleshooting,60,84,IT_TERM,AUTO_MATCH
730,"As assigned, Assisted staff members and visitors with inquiries regarding Document Editing.",Document Editing,74,90,CLERICAL_TERM,AUTO_MATCH
731,"Early in the day, Joined the weekly team retrospective to share progress updates and blockers.",[NO_ENTITY],-1,-1,NONE,AUTO_NEGATIVE
732,"In the afternoon, Cross-checked incoming department requests as part of Inventory Records.",Inventory Records,72,89,CLERICAL_TERM,AUTO_MATCH
733,"As assigned, Facilitated document routing and tracked outgoing mail for Document Sorting.",Document Sorting,72,88,CLERICAL_TERM,AUTO_MATCH
734,"In the morning, Created an interactive user interface component with Object-Oriented Programming.",Object-Oriented Programming,69,96,IT_TERM,AUTO_MATCH
735,"Today, Maintained office order and coordinated department logistics through Document Preparation.",Document Preparation,76,96,CLERICAL_TERM,AUTO_MATCH
736,"This week, Configured the development environment and set up Google Sheets.",Google Sheets,61,74,IT_TERM,AUTO_MATCH
737,"For my primary task, Created an interactive user interface component with Version Control.",Version Control,74,89,IT_TERM,AUTO_MATCH
738,"In the morning, Resolved an unexpected crash in production by debugging our Brochure Design service.",Brochure Design,76,91,IT_TERM,AUTO_MATCH
739,"During my shift, Organized file cabinets, categorized binders, and conducted Filing System.",Filing System,77,90,CLERICAL_TERM,AUTO_MATCH
740,"Today, Installed necessary security patches and updated the Nutrimap System dependency.",Nutrimap System,60,75,IT_TERM,AUTO_MATCH
741,"As assigned, Submitted the finalized documentation package required for Document Organization.",Document Organization,72,93,CLERICAL_TERM,AUTO_MATCH
742,"As assigned, Verified signatures and filed department clearance forms during Material Distribution.",Material Distribution,77,98,CLERICAL_TERM,AUTO_MATCH
743,"First, Joined the weekly team retrospective to share progress updates and blockers.",[NO_ENTITY],-1,-1,NONE,AUTO_NEGATIVE
744,"First, Arrived at the office on time and logged in to the biometric attendance machine.",[NO_ENTITY],-1,-1,NONE,AUTO_NEGATIVE
745,Installed necessary security patches and updated the Computer Setup dependency.,Computer Setup,53,67,IT_TERM,AUTO_MATCH
746,"Today, Organized file cabinets, categorized binders, and conducted Data Organization.",Data Organization,67,84,CLERICAL_TERM,AUTO_MATCH
747,Handled confidential student records during Payment Records.,Payment Records,44,59,CLERICAL_TERM,AUTO_MATCH
748,"For my primary task, Refactored legacy code modules and migrated the system to Git Commits.",Git Commits,79,90,IT_TERM,AUTO_MATCH
749,"Early in the day, Helped a colleague locate the designated conference room on the third floor.",[NO_ENTITY],-1,-1,NONE,AUTO_NEGATIVE
750,Researched modern architectural best practices involving Backend API.,Backend API,57,68,IT_TERM,AUTO_MATCH
751,"Today, Organized file cabinets, categorized binders, and conducted Incoming Documents.",Incoming Documents,67,85,CLERICAL_TERM,AUTO_MATCH
752,"Early in the day, Arrived at the office on time and logged in to the biometric attendance machine.",[NO_ENTITY],-1,-1,NONE,AUTO_NEGATIVE
753,"In the morning, Researched modern architectural best practices involving PC Assembly.",PC Assembly,73,84,IT_TERM,AUTO_MATCH
754,"Today, Submitted the finalized documentation package required for Meeting Transcription.",Meeting Transcription,66,87,CLERICAL_TERM,AUTO_MATCH
755,"For my primary task, Refactored legacy code modules and migrated the system to Computer Support.",Computer Support,79,95,IT_TERM,AUTO_MATCH
756,Created comprehensive documentation and guidelines for Microsoft Azure usage.,Microsoft Azure,55,70,IT_TERM,AUTO_MATCH
757,"In the afternoon, Compiled weekly department statistics and created charts for Medicine Sachets.",Medicine Sachets,79,95,CLERICAL_TERM,AUTO_MATCH
758,"In the morning, Wrote clean, maintainable microservice code in System Design under supervision.",System Design,63,76,IT_TERM,AUTO_MATCH
759,Greeted visitors at the entrance and escorted them to the conference room.,[NO_ENTITY],-1,-1,NONE,AUTO_NEGATIVE
760,"As assigned, Completed the assigned weekly tasks regarding Flyer Distribution on schedule.",Flyer Distribution,59,77,CLERICAL_TERM,AUTO_MATCH
761,"This week, Created an interactive user interface component with Server Configuration.",Server Configuration,64,84,IT_TERM,AUTO_MATCH
762,"In the morning, Implemented secure authentication and access controls in PDF Conversion.",PDF Conversion,73,87,IT_TERM,AUTO_MATCH
763,"Today, Compiled weekly department statistics and created charts for Record Management.",Record Management,68,85,CLERICAL_TERM,AUTO_MATCH
764,Submitted the finalized documentation package required for Client Records.,Client Records,59,73,CLERICAL_TERM,AUTO_MATCH
765,"For my primary task, Monitored server resource utilization and optimized System Interface queries.",System Interface,73,89,IT_TERM,AUTO_MATCH
766,"For my primary task, Implemented secure authentication and access controls in Composer.",Composer,78,86,IT_TERM,AUTO_MATCH
767,Conducted automated unit testing and performance benchmarks on DevOps.,DevOps,63,69,IT_TERM,AUTO_MATCH
768,"For my primary task, Designed the database schema and executed migrations using Database Connections.",Database Connections,80,100,IT_TERM,AUTO_MATCH
769,"In the afternoon, Handled confidential student records during PhilHealth Eligibility.",PhilHealth Eligibility,62,84,CLERICAL_TERM,AUTO_MATCH
770,"This week, Attended a technical workshop on best practices for Data Structures.",Data Structures,63,78,IT_TERM,AUTO_MATCH
771,Prepared the required paperwork and verified attachments for Document Safekeeping.,Document Safekeeping,61,81,CLERICAL_TERM,AUTO_MATCH
772,"Early in the day, Arrived at the office on time and logged in to the biometric attendance machine.",[NO_ENTITY],-1,-1,NONE,AUTO_NEGATIVE
773,"In the afternoon, Handled confidential student records during Attendance Records.",Attendance Records,62,80,CLERICAL_TERM,AUTO_MATCH
774,"Today, Refactored legacy code modules and migrated the system to iClinicSys.",iClinicSys,65,75,IT_TERM,AUTO_MATCH
775,I developed a web application feature using UX Design.,UX Design,44,53,IT_TERM,AUTO_MATCH
776,"For my primary task, Researched modern architectural best practices involving Web Hosting.",Web Hosting,78,89,IT_TERM,AUTO_MATCH
777,"Early in the day, Joined the weekly team retrospective to share progress updates and blockers.",[NO_ENTITY],-1,-1,NONE,AUTO_NEGATIVE
778,Drafted official correspondence and summarized notes for Meeting Proceedings.,Meeting Proceedings,57,76,CLERICAL_TERM,AUTO_MATCH
779,"In the morning, Designed the database schema and executed migrations using Geospatial Tracking.",Geospatial Tracking,75,94,IT_TERM,AUTO_MATCH
780,Listened to a presentation given by the department head on strategic objectives.,[NO_ENTITY],-1,-1,NONE,AUTO_NEGATIVE
781,"Today, Assisted our senior engineer in deploying our application using Linux.",Linux,71,76,IT_TERM,AUTO_MATCH
782,"During my shift, Drafted official correspondence and summarized notes for Student Records.",Student Records,74,89,CLERICAL_TERM,AUTO_MATCH
783,"Today, Organized file cabinets, categorized binders, and conducted File Cabinets.",file cabinets,17,30,CLERICAL_TERM,AUTO_MATCH
783,"Today, Organized file cabinets, categorized binders, and conducted File Cabinets.",File Cabinets,67,80,CLERICAL_TERM,AUTO_MATCH
784,"Today, Reviewed transaction logs and audited files as part of Scholarship Records.",Scholarship Records,62,81,CLERICAL_TERM,AUTO_MATCH
785,"On Thursday, Participated in the company-wide orientation regarding workplace ethics and rules.",[NO_ENTITY],-1,-1,NONE,AUTO_NEGATIVE
786,"During my shift, Reviewed transaction logs and audited files as part of Patient Assistance.",Patient Assistance,72,90,CLERICAL_TERM,AUTO_MATCH
787,"On Thursday, Organized notebook notes and planned personal task priorities for tomorrow morning.",[NO_ENTITY],-1,-1,NONE,AUTO_NEGATIVE
788,"For my primary task, Monitored server resource utilization and optimized Flutter queries.",Flutter,73,80,IT_TERM,AUTO_MATCH
789,"This week, Assisted our senior engineer in deploying our application using System Features.",System Features,75,90,IT_TERM,AUTO_MATCH
790,"For my primary task, Created comprehensive documentation and guidelines for QR Code usage.",QR Code,76,83,IT_TERM,AUTO_MATCH
791,Reviewed general company guidelines regarding data privacy and acceptable use.,[NO_ENTITY],-1,-1,NONE,AUTO_NEGATIVE
792,"In the morning, Resolved an unexpected crash in production by debugging our Data Entry service.",Data Entry,76,86,IT_TERM,AUTO_MATCH
793,"This week, Implemented background asynchronous task workers using PhpSpreadsheet.",PhpSpreadsheet,66,80,IT_TERM,AUTO_MATCH
794,"In the morning, Collaborated with the infrastructure team to configure Email Verification.",Email Verification,71,89,IT_TERM,AUTO_MATCH
795,"In the afternoon, Facilitated document routing and tracked outgoing mail for Record Checking.",Record Checking,77,92,CLERICAL_TERM,AUTO_MATCH
796,Verified signatures and filed department clearance forms during Customer Service.,Customer Service,64,80,CLERICAL_TERM,AUTO_MATCH
797,Attended the farewell gathering for the departing senior supervisor.,[NO_ENTITY],-1,-1,NONE,AUTO_NEGATIVE
798,"As assigned, Cross-checked incoming department requests as part of Training Activities.",Training Activities,67,86,CLERICAL_TERM,AUTO_MATCH
799,Cross-checked incoming department requests as part of Name Labels.,Name Labels,54,65,CLERICAL_TERM,AUTO_MATCH
800,"Afterwards, Joined the weekly team retrospective to share progress updates and blockers.",[NO_ENTITY],-1,-1,NONE,AUTO_NEGATIVE
801,"Afterwards, Organized notebook notes and planned personal task priorities for tomorrow morning.",[NO_ENTITY],-1,-1,NONE,AUTO_NEGATIVE
802,"During my shift, Prepared the required paperwork and verified attachments for Name Labels.",Name Labels,78,89,CLERICAL_TERM,AUTO_MATCH
803,"As assigned, Submitted the finalized documentation package required for Office Documentation.",Office Documentation,72,92,CLERICAL_TERM,AUTO_MATCH
804,"For my primary task, Created comprehensive documentation and guidelines for System Performance usage.",System Performance,76,94,IT_TERM,AUTO_MATCH
805,"As assigned, Assisted staff members and visitors with inquiries regarding Prescription Records.",Prescription Records,74,94,CLERICAL_TERM,AUTO_MATCH
806,Created comprehensive documentation and guidelines for Production Deployment usage.,Production Deployment,55,76,IT_TERM,AUTO_MATCH
807,"Early in the day, Submitted the bi-weekly intern time log sheet to the human resource assistant.",[NO_ENTITY],-1,-1,NONE,AUTO_NEGATIVE
808,Submitted the finalized documentation package required for Insurance Details.,Insurance Details,59,76,CLERICAL_TERM,AUTO_MATCH
809,"In the morning, Implemented background asynchronous task workers using Digital File Management.",Digital File Management,71,94,IT_TERM,AUTO_MATCH
810,"Early in the day, Participated in an open discussion regarding team workflow enhancements.",[NO_ENTITY],-1,-1,NONE,AUTO_NEGATIVE
811,"Today, Monitored server resource utilization and optimized Capstone Project queries.",Capstone Project,59,75,IT_TERM,AUTO_MATCH
812,"As assigned, Assisted the administrative supervisor with daily Workspace Organization.",Workspace Organization,63,85,CLERICAL_TERM,AUTO_MATCH
813,"In the afternoon, Verified signatures and filed department clearance forms during Scholarship Data.",Scholarship Data,82,98,CLERICAL_TERM,AUTO_MATCH
814,"In the afternoon, Assisted staff members and visitors with inquiries regarding Information Reviewing.",Information Reviewing,79,100,CLERICAL_TERM,AUTO_MATCH
815,"In the morning, Refactored legacy code modules and migrated the system to Git.",Git,74,77,IT_TERM,AUTO_MATCH
816,"Today, Organized file cabinets, categorized binders, and conducted Scholarship Records.",Scholarship Records,67,86,CLERICAL_TERM,AUTO_MATCH
817,"For my primary task, Assisted our senior engineer in deploying our application using System Stability.",System Stability,85,101,IT_TERM,AUTO_MATCH
818,"First, Greeted visitors at the entrance and escorted them to the conference room.",[NO_ENTITY],-1,-1,NONE,AUTO_NEGATIVE
819,"For my primary task, Created an interactive user interface component with GraphQL.",GraphQL,74,81,IT_TERM,AUTO_MATCH
820,"In the afternoon, Distributed printed handouts and supported the team during Inventory Counting.",Inventory Counting,77,95,CLERICAL_TERM,AUTO_MATCH
821,Researched modern architectural best practices involving Nutrimap System.,Nutrimap System,57,72,IT_TERM,AUTO_MATCH
822,"Afterwards, Greeted visitors at the entrance and escorted them to the conference room.",[NO_ENTITY],-1,-1,NONE,AUTO_NEGATIVE
823,Completed the assigned weekly tasks regarding Scholarship Data on schedule.,Scholarship Data,46,62,CLERICAL_TERM,AUTO_MATCH
824,"As assigned, Submitted the finalized documentation package required for Team Coordination.",Team Coordination,72,89,CLERICAL_TERM,AUTO_MATCH
825,"As assigned, Facilitated document routing and tracked outgoing mail for Document Review.",Document Review,72,87,CLERICAL_TERM,AUTO_MATCH
826,Had a quick alignment call with the project mentor to review weekly objectives.,[NO_ENTITY],-1,-1,NONE,AUTO_NEGATIVE
827,"In the afternoon, Submitted the finalized documentation package required for Transfer Slips.",Transfer Slips,77,91,CLERICAL_TERM,AUTO_MATCH
828,"During my shift, Completed the assigned weekly tasks regarding Materials Preparation on schedule.",Materials Preparation,63,84,CLERICAL_TERM,AUTO_MATCH
829,"In the morning, Conducted automated unit testing and performance benchmarks on Database Queries.",Database Queries,79,95,IT_TERM,AUTO_MATCH
830,"As assigned, Assisted the administrative supervisor with daily Photo Documentation.",Photo Documentation,63,82,CLERICAL_TERM,AUTO_MATCH
831,"Today, Managed physical inventory counts and logged discrepancies during Document Arrangement.",Document Arrangement,73,93,CLERICAL_TERM,AUTO_MATCH
832,"This week, Assisted our senior engineer in deploying our application using Figma.",Figma,75,80,IT_TERM,AUTO_MATCH
833,"Today, Distributed printed handouts and supported the team during Office Documentation.",Office Documentation,66,86,CLERICAL_TERM,AUTO_MATCH
834,"In the morning, Collaborated with the infrastructure team to configure Flask.",Flask,71,76,IT_TERM,AUTO_MATCH
835,"As assigned, Verified signatures and filed department clearance forms during Collection Reports.",Collection Reports,77,95,CLERICAL_TERM,AUTO_MATCH
836,"This week, Refactored legacy code modules and migrated the system to Database Management.",Database Management,69,88,IT_TERM,AUTO_MATCH
837,"Today, Collaborated with the infrastructure team to configure Session Management.",Session Management,62,80,IT_TERM,AUTO_MATCH
838,"First, Cleaned the intern workstation and organized desk accessories before logging out.",[NO_ENTITY],-1,-1,NONE,AUTO_NEGATIVE
839,Verified signatures and filed department clearance forms during Student Enrollment.,Student Enrollment,64,82,CLERICAL_TERM,AUTO_MATCH
840,"Today, Cross-checked incoming department requests as part of Report Preparation.",Report Preparation,61,79,CLERICAL_TERM,AUTO_MATCH
841,"This week, Designed the database schema and executed migrations using Hardware Assembly.",Hardware Assembly,70,87,IT_TERM,AUTO_MATCH
842,"In the morning, Designed the database schema and executed migrations using PDF Conversion.",PDF Conversion,75,89,IT_TERM,AUTO_MATCH
843,"As assigned, Organized file cabinets, categorized binders, and conducted Document Processing.",Document Processing,73,92,CLERICAL_TERM,AUTO_MATCH
844,"Afterwards, Arrived at the office on time and logged in to the biometric attendance machine.",[NO_ENTITY],-1,-1,NONE,AUTO_NEGATIVE
845,"Today, Implemented background asynchronous task workers using Mailer.",Mailer,62,68,IT_TERM,AUTO_MATCH
846,Created an interactive user interface component with Version Control.,Version Control,53,68,IT_TERM,AUTO_MATCH
847,"Printed, stamped, and organized physical documents for ID Release.",ID Release,55,65,CLERICAL_TERM,AUTO_MATCH
848,"Today, Verified signatures and filed department clearance forms during Medical Records.",Medical Records,71,86,CLERICAL_TERM,AUTO_MATCH
849,"First, Helped a colleague locate the designated conference room on the third floor.",[NO_ENTITY],-1,-1,NONE,AUTO_NEGATIVE
850,"On Thursday, Listened to a presentation given by the department head on strategic objectives.",[NO_ENTITY],-1,-1,NONE,AUTO_NEGATIVE
851,"In the afternoon, Distributed printed handouts and supported the team during PhilHealth Eligibility.",PhilHealth Eligibility,77,99,CLERICAL_TERM,AUTO_MATCH
852,"Today, Refactored legacy code modules and migrated the system to Printer Troubleshooting.",Printer Troubleshooting,65,88,IT_TERM,AUTO_MATCH
853,"In the afternoon, Assisted the administrative supervisor with daily Police Clearance.",Police Clearance,68,84,CLERICAL_TERM,AUTO_MATCH
854,"Early in the day, Took a short lunch break with fellow student interns at the company cafeteria.",[NO_ENTITY],-1,-1,NONE,AUTO_NEGATIVE
855,"Early in the day, Attended the farewell gathering for the departing senior supervisor.",[NO_ENTITY],-1,-1,NONE,AUTO_NEGATIVE
856,"Afterwards, Listened to a presentation given by the department head on strategic objectives.",[NO_ENTITY],-1,-1,NONE,AUTO_NEGATIVE
857,"Today, Monitored server resource utilization and optimized Role Assignment queries.",Role Assignment,59,74,IT_TERM,AUTO_MATCH
858,"First, Participated in the company-wide orientation regarding workplace ethics and rules.",[NO_ENTITY],-1,-1,NONE,AUTO_NEGATIVE
859,"Organized file cabinets, categorized binders, and conducted Team Task Division.",Team Task Division,60,78,CLERICAL_TERM,AUTO_MATCH
860,Managed physical inventory counts and logged discrepancies during Member ID.,Member ID,66,75,CLERICAL_TERM,AUTO_MATCH
861,"Afterwards, Helped a colleague locate the designated conference room on the third floor.",[NO_ENTITY],-1,-1,NONE,AUTO_NEGATIVE
862,"Today, Organized file cabinets, categorized binders, and conducted Activity Documentation.",Activity Documentation,67,89,CLERICAL_TERM,AUTO_MATCH
863,Automated our daily build and deployment pipeline using Git Branches.,Git Branches,56,68,IT_TERM,AUTO_MATCH
864,Waited for feedback from the team lead before proceeding with the next assignment.,[NO_ENTITY],-1,-1,NONE,AUTO_NEGATIVE
865,"Afterwards, Waited for feedback from the team lead before proceeding with the next assignment.",[NO_ENTITY],-1,-1,NONE,AUTO_NEGATIVE
866,"Today, Assisted our senior engineer in deploying our application using Session Management.",Session Management,71,89,IT_TERM,AUTO_MATCH
867,"Today, Verified signatures and filed department clearance forms during Stock Transfer.",Stock Transfer,71,85,CLERICAL_TERM,AUTO_MATCH
868,"During my shift, Prepared the required paperwork and verified attachments for Resource Management.",Resource Management,78,97,CLERICAL_TERM,AUTO_MATCH
869,"In the afternoon, Reviewed transaction logs and audited files as part of Event Preparation.",Event Preparation,73,90,CLERICAL_TERM,AUTO_MATCH
870,Helped a colleague locate the designated conference room on the third floor.,[NO_ENTITY],-1,-1,NONE,AUTO_NEGATIVE
871,"Afterwards, Submitted the bi-weekly intern time log sheet to the human resource assistant.",[NO_ENTITY],-1,-1,NONE,AUTO_NEGATIVE
872,Cleaned the intern workstation and organized desk accessories before logging out.,[NO_ENTITY],-1,-1,NONE,AUTO_NEGATIVE
873,"During my shift, Handled confidential student records during Information Checking.",Information Checking,61,81,CLERICAL_TERM,AUTO_MATCH
874,"For my primary task, Collaborated with the infrastructure team to configure Web Hosting.",Web Hosting,76,87,IT_TERM,AUTO_MATCH
875,"Today, Completed the assigned weekly tasks regarding Information Updating on schedule.",Information Updating,53,73,CLERICAL_TERM,AUTO_MATCH
876,"This week, Refactored legacy code modules and migrated the system to Identification Card Design.",Identification Card Design,69,95,IT_TERM,AUTO_MATCH
877,"For my primary task, Collaborated with the infrastructure team to configure Database Storage.",Database Storage,76,92,IT_TERM,AUTO_MATCH
878,"Today, Monitored server resource utilization and optimized Database Connections queries.",Database Connections,59,79,IT_TERM,AUTO_MATCH
879,"First, Had a quick alignment call with the project mentor to review weekly objectives.",[NO_ENTITY],-1,-1,NONE,AUTO_NEGATIVE
880,"During my shift, Drafted official correspondence and summarized notes for File Arrangement.",File Arrangement,74,90,CLERICAL_TERM,AUTO_MATCH
881,Attended the farewell gathering for the departing senior supervisor.,[NO_ENTITY],-1,-1,NONE,AUTO_NEGATIVE
882,Submitted the finalized documentation package required for Medicine Dispensing.,Medicine Dispensing,59,78,CLERICAL_TERM,AUTO_MATCH
883,Verified signatures and filed department clearance forms during Inventory Analysis.,Inventory Analysis,64,82,CLERICAL_TERM,AUTO_MATCH
884,"Today, Verified signatures and filed department clearance forms during Patient Records.",Patient Records,71,86,CLERICAL_TERM,AUTO_MATCH
885,"As assigned, Drafted official correspondence and summarized notes for Document Verification.",Document Verification,70,91,CLERICAL_TERM,AUTO_MATCH
886,Waited for feedback from the team lead before proceeding with the next assignment.,[NO_ENTITY],-1,-1,NONE,AUTO_NEGATIVE
887,Attended the morning standup meeting with the supervisor to discuss daily goals.,[NO_ENTITY],-1,-1,NONE,AUTO_NEGATIVE
888,"During my shift, Completed the assigned weekly tasks regarding Task Alignment on schedule.",Task Alignment,63,77,CLERICAL_TERM,AUTO_MATCH
889,Worked on backend API services and integrated Application Development for persistent storage.,Application Development,46,69,IT_TERM,AUTO_MATCH
890,"Today, Assisted the administrative supervisor with daily Form Distribution.",Form Distribution,57,74,CLERICAL_TERM,AUTO_MATCH
891,Resolved an unexpected crash in production by debugging our GeoJSON service.,GeoJSON,60,67,IT_TERM,AUTO_MATCH
892,"On Thursday, Helped a colleague locate the designated conference room on the third floor.",[NO_ENTITY],-1,-1,NONE,AUTO_NEGATIVE
893,Distributed printed handouts and supported the team during Document Filing.,Document Filing,59,74,CLERICAL_TERM,AUTO_MATCH
894,"As assigned, Assisted staff members and visitors with inquiries regarding Contact Details.",Contact Details,74,89,CLERICAL_TERM,AUTO_MATCH
895,"Early in the day, Listened to a presentation given by the department head on strategic objectives.",[NO_ENTITY],-1,-1,NONE,AUTO_NEGATIVE
896,"In the morning, Worked on backend API services and integrated CSS for persistent storage.",CSS,62,65,IT_TERM,AUTO_MATCH
897,"In the morning, Conducted automated unit testing and performance benchmarks on Scrum.",Scrum,79,84,IT_TERM,AUTO_MATCH
898,"Organized file cabinets, categorized binders, and conducted Record Checking.",Record Checking,60,75,CLERICAL_TERM,AUTO_MATCH
899,"Early in the day, Had a quick alignment call with the project mentor to review weekly objectives.",[NO_ENTITY],-1,-1,NONE,AUTO_NEGATIVE
900,"Today, Created comprehensive documentation and guidelines for Vue.js usage.",Vue.js,62,68,IT_TERM,AUTO_MATCH
901,"Afterwards, Reviewed general company guidelines regarding data privacy and acceptable use.",[NO_ENTITY],-1,-1,NONE,AUTO_NEGATIVE
902,Encoded information accurately into the office registry during Account Balances.,Account Balances,63,79,CLERICAL_TERM,AUTO_MATCH
903,Installed necessary security patches and updated the React dependency.,React,53,58,IT_TERM,AUTO_MATCH
904,"Organized file cabinets, categorized binders, and conducted Record Management.",Record Management,60,77,CLERICAL_TERM,AUTO_MATCH
905,"During my shift, Maintained office order and coordinated department logistics through OPT Plus.",OPT Plus,86,94,CLERICAL_TERM,AUTO_MATCH
906,"During my shift, Managed physical inventory counts and logged discrepancies during Document Editing.",Document Editing,83,99,CLERICAL_TERM,AUTO_MATCH
907,"First, Helped a colleague locate the designated conference room on the third floor.",[NO_ENTITY],-1,-1,NONE,AUTO_NEGATIVE
908,"Today, Created an interactive user interface component with Hardware Troubleshooting.",Hardware Troubleshooting,60,84,IT_TERM,AUTO_MATCH
909,"Today, Maintained office order and coordinated department logistics through File Organization.",File Organization,76,93,CLERICAL_TERM,AUTO_MATCH
910,"Today, Configured the development environment and set up IT Fest.",IT Fest,57,64,IT_TERM,AUTO_MATCH
911,"This week, Wrote clean, maintainable microservice code in Data Calculation under supervision.",Data Calculation,58,74,IT_TERM,AUTO_MATCH
912,"On Thursday, Waited for feedback from the team lead before proceeding with the next assignment.",[NO_ENTITY],-1,-1,NONE,AUTO_NEGATIVE
913,"Today, Monitored server resource utilization and optimized Database Storage queries.",Database Storage,59,75,IT_TERM,AUTO_MATCH
914,"As assigned, Completed the assigned weekly tasks regarding Stock Transfer on schedule.",Stock Transfer,59,73,CLERICAL_TERM,AUTO_MATCH
915,"Today, Encoded information accurately into the office registry during Document Organization.",Document Organization,70,91,CLERICAL_TERM,AUTO_MATCH
916,"As assigned, Completed the assigned weekly tasks regarding Filing System on schedule.",Filing System,59,72,CLERICAL_TERM,AUTO_MATCH
917,"In the afternoon, Managed physical inventory counts and logged discrepancies during Document Routing.",Document Routing,84,100,CLERICAL_TERM,AUTO_MATCH
918,"This week, Created comprehensive documentation and guidelines for Password Recovery usage.",Password Recovery,66,83,IT_TERM,AUTO_MATCH
919,"For my primary task, Conducted automated unit testing and performance benchmarks on Docker.",Docker,84,90,IT_TERM,AUTO_MATCH
920,"Printed, stamped, and organized physical documents for Physical Files.",Physical Files,55,69,CLERICAL_TERM,AUTO_MATCH
921,"Early in the day, Took a short lunch break with fellow student interns at the company cafeteria.",[NO_ENTITY],-1,-1,NONE,AUTO_NEGATIVE
922,"Today, Distributed printed handouts and supported the team during Office Coordination.",Office Coordination,66,85,CLERICAL_TERM,AUTO_MATCH
923,"For my primary task, Refactored legacy code modules and migrated the system to Application Management.",Application Management,79,101,IT_TERM,AUTO_MATCH
924,"On Thursday, Waited for feedback from the team lead before proceeding with the next assignment.",[NO_ENTITY],-1,-1,NONE,AUTO_NEGATIVE
925,"This week, Researched modern architectural best practices involving Logbook Template.",Logbook Template,68,84,IT_TERM,AUTO_MATCH
926,"During my shift, Reviewed transaction logs and audited files as part of Financial Transactions.",Financial Transactions,72,94,CLERICAL_TERM,AUTO_MATCH
927,"Today, Conducted automated unit testing and performance benchmarks on Layout Design.",Layout Design,70,83,IT_TERM,AUTO_MATCH
928,"Today, Wrote clean, maintainable microservice code in Laravel under supervision.",Laravel,54,61,IT_TERM,AUTO_MATCH
929,"For my primary task, Researched modern architectural best practices involving API Routes.",API Routes,78,88,IT_TERM,AUTO_MATCH
930,"Today, Printed, stamped, and organized physical documents for Document Filing.",Document Filing,62,77,CLERICAL_TERM,AUTO_MATCH
931,"Today, Compiled weekly department statistics and created charts for Document Management.",Document Management,68,87,CLERICAL_TERM,AUTO_MATCH
932,"Today, Cross-checked incoming department requests as part of Clearance Forms.",Clearance Forms,61,76,CLERICAL_TERM,AUTO_MATCH
933,"First, Submitted the bi-weekly intern time log sheet to the human resource assistant.",[NO_ENTITY],-1,-1,NONE,AUTO_NEGATIVE
934,"For my primary task, Conducted automated unit testing and performance benchmarks on Data Input.",Data Input,84,94,IT_TERM,AUTO_MATCH
935,"As assigned, Reviewed transaction logs and audited files as part of Nutrition Activities.",Nutrition Activities,68,88,CLERICAL_TERM,AUTO_MATCH
936,"Afterwards, Helped a colleague locate the designated conference room on the third floor.",[NO_ENTITY],-1,-1,NONE,AUTO_NEGATIVE
937,"In the afternoon, Submitted the finalized documentation package required for Inventory Analysis.",Inventory Analysis,77,95,CLERICAL_TERM,AUTO_MATCH
938,"In the afternoon, Drafted official correspondence and summarized notes for Field Activity.",Field Activity,75,89,CLERICAL_TERM,AUTO_MATCH
939,"In the morning, Automated our daily build and deployment pipeline using Database Schema.",Database Schema,72,87,IT_TERM,AUTO_MATCH
940,Created comprehensive documentation and guidelines for Research Summit usage.,Research Summit,55,70,IT_TERM,AUTO_MATCH
941,"For my primary task, Wrote clean, maintainable microservice code in REST API under supervision.",REST API,68,76,IT_TERM,AUTO_MATCH
942,"Organized file cabinets, categorized binders, and conducted Document Forwarding.",Document Forwarding,60,79,CLERICAL_TERM,AUTO_MATCH
943,"For my primary task, Conducted automated unit testing and performance benchmarks on Password Recovery.",Password Recovery,84,101,IT_TERM,AUTO_MATCH
944,Installed necessary security patches and updated the Computer Assembly dependency.,Computer Assembly,53,70,IT_TERM,AUTO_MATCH
945,"Today, Drafted official correspondence and summarized notes for Photo Documentation.",Photo Documentation,64,83,CLERICAL_TERM,AUTO_MATCH
946,"Today, Encoded information accurately into the office registry during Collection Reports.",Collection Reports,70,88,CLERICAL_TERM,AUTO_MATCH
947,"For my primary task, Created an interactive user interface component with Data Structures.",Data Structures,74,89,IT_TERM,AUTO_MATCH
948,"Today, Assisted staff members and visitors with inquiries regarding Presentation Materials.",Presentation Materials,68,90,CLERICAL_TERM,AUTO_MATCH
949,"In the morning, Monitored server resource utilization and optimized Logbook Template queries.",Logbook Template,68,84,IT_TERM,AUTO_MATCH
950,Checked my work email inbox and responded to routine greeting messages.,[NO_ENTITY],-1,-1,NONE,AUTO_NEGATIVE
951,"As assigned, Managed physical inventory counts and logged discrepancies during Document Distribution.",Document Distribution,79,100,CLERICAL_TERM,AUTO_MATCH
952,"As assigned, Managed physical inventory counts and logged discrepancies during BNS Activities.",BNS Activities,79,93,CLERICAL_TERM,AUTO_MATCH
953,"In the morning, Implemented secure authentication and access controls in Computer Support.",Computer Support,73,89,IT_TERM,AUTO_MATCH
954,"As assigned, Completed the assigned weekly tasks regarding Medical Inventory on schedule.",Medical Inventory,59,76,CLERICAL_TERM,AUTO_MATCH
955,Designed the database schema and executed migrations using Google Sheets.,Google Sheets,59,72,IT_TERM,AUTO_MATCH
956,Organized notebook notes and planned personal task priorities for tomorrow morning.,[NO_ENTITY],-1,-1,NONE,AUTO_NEGATIVE
957,"Today, Assisted our senior engineer in deploying our application using QR Code.",QR Code,71,78,IT_TERM,AUTO_MATCH
958,"Today, Distributed printed handouts and supported the team during Meeting Proceedings.",Meeting Proceedings,66,85,CLERICAL_TERM,AUTO_MATCH
959,"Today, Assisted our senior engineer in deploying our application using Backend API.",Backend API,71,82,IT_TERM,AUTO_MATCH
960,"First, Waited for feedback from the team lead before proceeding with the next assignment.",[NO_ENTITY],-1,-1,NONE,AUTO_NEGATIVE
961,Troubleshot network connectivity and configuration errors in Application Development.,Application Development,61,84,IT_TERM,AUTO_MATCH
962,"In the afternoon, Assisted staff members and visitors with inquiries regarding Promotional Materials.",Promotional Materials,79,100,CLERICAL_TERM,AUTO_MATCH
963,"For my primary task, Assisted our senior engineer in deploying our application using iClinicSys.",iClinicSys,85,95,IT_TERM,AUTO_MATCH
964,Assisted staff members and visitors with inquiries regarding Awarding Ceremony.,Awarding Ceremony,61,78,CLERICAL_TERM,AUTO_MATCH
965,Reviewed transaction logs and audited files as part of Document Safekeeping.,Document Safekeeping,55,75,CLERICAL_TERM,AUTO_MATCH
966,"Today, Encoded information accurately into the office registry during Workplace Organization.",Workplace Organization,70,92,CLERICAL_TERM,AUTO_MATCH
967,"On Thursday, Attended the morning standup meeting with the supervisor to discuss daily goals.",[NO_ENTITY],-1,-1,NONE,AUTO_NEGATIVE
968,"Early in the day, Took a short lunch break with fellow student interns at the company cafeteria.",[NO_ENTITY],-1,-1,NONE,AUTO_NEGATIVE
969,"During my shift, Managed physical inventory counts and logged discrepancies during Client Assistance.",Client Assistance,83,100,CLERICAL_TERM,AUTO_MATCH
970,Compiled weekly department statistics and created charts for Clearance Forms.,Clearance Forms,61,76,CLERICAL_TERM,AUTO_MATCH
971,"For my primary task, Worked on backend API services and integrated Gemini API for persistent storage.",Gemini API,67,77,IT_TERM,AUTO_MATCH
972,"This week, Automated our daily build and deployment pipeline using Microsoft Azure.",Microsoft Azure,67,82,IT_TERM,AUTO_MATCH
973,"In the morning, Researched modern architectural best practices involving Capstone Project.",Capstone Project,73,89,IT_TERM,AUTO_MATCH
974,"This week, Attended a technical workshop on best practices for System Maintenance.",System Maintenance,63,81,IT_TERM,AUTO_MATCH
975,"In the afternoon, Handled confidential student records during Document Labeling.",Document Labeling,62,79,CLERICAL_TERM,AUTO_MATCH
976,"Today, Researched modern architectural best practices involving Data Structures.",Data Structures,64,79,IT_TERM,AUTO_MATCH
977,"This week, Implemented background asynchronous task workers using Printer Repair.",Printer Repair,66,80,IT_TERM,AUTO_MATCH
978,"As assigned, Facilitated document routing and tracked outgoing mail for Data Organization.",Data Organization,72,89,CLERICAL_TERM,AUTO_MATCH
979,Facilitated document routing and tracked outgoing mail for Health Records.,Health Records,59,73,CLERICAL_TERM,AUTO_MATCH
980,"As assigned, Facilitated document routing and tracked outgoing mail for Certificate Recognition.",Certificate Recognition,72,95,CLERICAL_TERM,AUTO_MATCH
981,"Afterwards, Signed the visitor logbook and collected the guest identification badges.",[NO_ENTITY],-1,-1,NONE,AUTO_NEGATIVE
982,"For my primary task, Collaborated with the infrastructure team to configure Data Encoding.",Data Encoding,76,89,IT_TERM,AUTO_MATCH
983,"For my primary task, Refactored legacy code modules and migrated the system to Facebook Management.",Facebook Management,79,98,IT_TERM,AUTO_MATCH
984,"As assigned, Compiled weekly department statistics and created charts for Physical Files.",Physical Files,74,88,CLERICAL_TERM,AUTO_MATCH
985,"This week, Designed the database schema and executed migrations using Docker.",Docker,70,76,IT_TERM,AUTO_MATCH
986,"On Thursday, Joined the weekly team retrospective to share progress updates and blockers.",[NO_ENTITY],-1,-1,NONE,AUTO_NEGATIVE
987,Helped a colleague locate the designated conference room on the third floor.,[NO_ENTITY],-1,-1,NONE,AUTO_NEGATIVE
988,"Today, Encoded information accurately into the office registry during Event Preparation.",Event Preparation,70,87,CLERICAL_TERM,AUTO_MATCH
989,"In the afternoon, Organized file cabinets, categorized binders, and conducted Charter Day.",Charter Day,78,89,CLERICAL_TERM,AUTO_MATCH
990,"During my shift, Assisted the administrative supervisor with daily Data Recording.",Data Recording,67,81,CLERICAL_TERM,AUTO_MATCH
991,"In the morning, Automated our daily build and deployment pipeline using PHP.",PHP,72,75,IT_TERM,AUTO_MATCH
992,"In the afternoon, Completed the assigned weekly tasks regarding Health Records on schedule.",Health Records,64,78,CLERICAL_TERM,AUTO_MATCH
993,"This week, Configured the development environment and set up System Performance.",System Performance,61,79,IT_TERM,AUTO_MATCH
994,"Today, Automated our daily build and deployment pipeline using React.",React,63,68,IT_TERM,AUTO_MATCH
995,"Today, Cross-checked incoming department requests as part of Document Stamping.",Document Stamping,61,78,CLERICAL_TERM,AUTO_MATCH
996,"As assigned, Drafted official correspondence and summarized notes for Community Outreach.",Community Outreach,70,88,CLERICAL_TERM,AUTO_MATCH
997,"First, Joined the weekly team retrospective to share progress updates and blockers.",[NO_ENTITY],-1,-1,NONE,AUTO_NEGATIVE
998,Implemented secure authentication and access controls in C#.,C#,57,59,IT_TERM,AUTO_MATCH
999,"Afterwards, Participated in an open discussion regarding team workflow enhancements.",[NO_ENTITY],-1,-1,NONE,AUTO_NEGATIVE
